Perunit,Municipal,Coast,StationCode,Description,SampleDate,SampleTime,DeliveryDate,AnalyseDate,Intenterococci,Ecoli,Tar,Glass,Plastic,Caoutchouc,Garbage,Wave,Airdirection,Rainfail,Yestrainfail
ΧΑΝΙΩΝ,Πλατανιά,Μάλεμε_Πλατανιά,GRBW139323085101, 350 μ. από το δυτικό άκρο της ακτής,16/8/2021,08:25:00,16/8/2021,17/8/2021,0,0,OXI,OXI,OXI,OXI,OXI,Ελαφρά Κυματώδης,ΒΔ,ΌΧΙ,ΌΧΙ
ΧΑΝΙΩΝ,Πλατανιά,Κολυμπάρια_–_Ραπανιανά_Πλατανιά,GRBW139323084101, 130 μ. από το δυτικό άκρο της ακτής,16/8/2021,08:51:00,16/8/2021,17/8/2021,2,4,OXI,OXI,OXI,OXI,OXI,Ήρεμη,ΒΔ,ΌΧΙ,ΌΧΙ
ΧΑΝΙΩΝ,Κισσάμου,Κουρφαλώνας_Δραπανιάς_Μήθυμνα_Νοπήγεια_Κισσάμου,GRBW139322073101, 1700 μ. από το ανατολικό άκρο της ακτής,16/8/2021,09:23:00,16/8/2021,17/8/2021,0,0,OXI,OXI,OXI,OXI,OXI,Ελαφρά Κυματώδης,ΒΔ,ΌΧΙ,ΌΧΙ
ΧΑΝΙΩΝ,Κισσάμου,Καστέλλι_Κισσάμου_Ανατολικά_Κισσάμου,GRBW139322066101, 200 μ. από το δυτικό άκρο της ακτής,16/8/2021,09:40:00,16/8/2021,17/8/2021,0,0,OXI,OXI,OXI,OXI,OXI,Ελαφρά Κυματώδης,ΒΔ,ΌΧΙ,ΌΧΙ
ΧΑΝΙΩΝ,Κισσάμου,Καστέλλι_Κισσάμου_Δυτικά_Κισσάμου,GRBW139322067101, Μέσον ακτής,16/8/2021,10:11:00,16/8/2021,17/8/2021,0,0,OXI,OXI,OXI,OXI,OXI,Ελαφρά Κυματώδης,ΒΔ,ΌΧΙ,ΌΧΙ
ΧΑΝΙΩΝ,Κισσάμου,Γραμβούσα_Παχειά_Άμμος_Κισσάμου,GRBW139322069101, 100 μ. από το δυτικό άκρο της ακτής,16/8/2021,10:25:00,16/8/2021,17/8/2021,0,0,OXI,OXI,OXI,OXI,OXI,Ελαφρά Κυματώδης,ΒΔ,ΌΧΙ,ΌΧΙ
ΧΑΝΙΩΝ,Κισσάμου,Γραμβούσα_Βιγλιά_Κισσάμου,GRBW139322070101, 330 μ. από το ανατολικό άκρο της ακτής,16/8/2021,10:38:00,16/8/2021,17/8/2021,0,0,OXI,OXI,OXI,OXI,OXI,Ελαφρά Κυματώδης,ΒΔ,ΌΧΙ,ΌΧΙ
ΧΑΝΙΩΝ,Κισσάμου,Φαλάσαρνα_Κισσάμου,GRBW139322068101, 230 μ. από το βόρειο άκρο της ακτής,16/8/2021,11:06:00,16/8/2021,17/8/2021,0,0,OXI,OXI,OXI,OXI,OXI,Ελαφρά Κυματώδης,ΒΔ,ΌΧΙ,ΌΧΙ
ΧΑΝΙΩΝ,Κισσάμου,Σφηνάρι_Κισσάμου,GRBW139322071101, 180 μ. από το νοτιοδυτικό άκρο της ακτής,16/8/2021,12:26:00,16/8/2021,17/8/2021,0,0,OXI,OXI,OXI,OXI,OXI,Ελαφρά Κυματώδης,ΒΔ,ΌΧΙ,ΌΧΙ
ΧΑΝΙΩΝ,Καντάνου_Σέλινου,Βουλισμένη_Καντάνου_Σέλινου,GRBW139321064101, Μέσον ακτής,16/8/2021,13:47:00,16/8/2021,17/8/2021,6,32,OXI,OXI,OXI,OXI,OXI,Ήρεμη,ΒΔ,ΌΧΙ,ΌΧΙ
ΧΑΝΙΩΝ,Κισσάμου,Ελαφονήσι_Κισσάμου,GRBW139322072101, Νοτιοανατολικό άκρο ακτής,16/8/2021,13:51:00,16/8/2021,17/8/2021,0,0,OXI,OXI,OXI,OXI,OXI,Ελαφρά Κυματώδης,ΒΔ,ΌΧΙ,ΌΧΙ
ΧΑΝΙΩΝ,Καντάνου_Σέλινου,Χαλίκια_Καντάνου_Σέλινου,GRBW139321063101, 450 μ. από το νοτιοδυτικό άκρο της ακτής,16/8/2021,15:36:00,16/8/2021,17/8/2021,2,0,OXI,OXI,OXI,OXI,OXI,Ήρεμη,ΒΔ,ΌΧΙ,ΌΧΙ
ΧΑΝΙΩΝ,Καντάνου_Σέλινου,Παχειά_Άμμος_Καντάνου_Σέλινου,GRBW139321062101, 430 μ. από το νότιο άκρο της ακτής,16/8/2021,15:53:00,16/8/2021,17/8/2021,0,0,OXI,OXI,OXI,OXI,OXI,Ήρεμη,ΒΔ,ΌΧΙ,ΌΧΙ
ΧΑΝΙΩΝ,Καντάνου_Σέλινου,Γραμμένο_Καντάνου_Σέλινου,GRBW139321065101, 200 μ. από το νοτιοδυτικό άκρο της ακτής,16/8/2021,16:06:00,16/8/2021,17/8/2021,0,0,OXI,OXI,OXI,OXI,OXI,Ήρεμη,ΒΔ,ΌΧΙ,ΌΧΙ
ΧΑΝΙΩΝ,Καντάνου_Σέλινου,Σούγια_Καντάνου_Σέλινου,GRBW139321061101, 470 μ. από το δυτικό άκρο της ακτής,16/8/2021,17:14:00,16/8/2021,17/8/2021,2,6,OXI,OXI,OXI,OXI,OXI,Ήρεμη,ΒΔ,ΌΧΙ,ΌΧΙ
ΛΑΣΙΘΙΟΥ,Αγίου_Νικολάου,Κιτροπλατεία_Αγίου_Νικολάου,GRBW139310017101, 30 μ. από το νοτιοδυτικό άκρο της ακτής,16/8/2021,08:02:00,16/8/2021,17/8/2021,0,0,OXI,OXI,OXI,OXI,OXI,Ήρεμη,ΒΔ,ΌΧΙ,ΌΧΙ
ΛΑΣΙΘΙΟΥ,Αγίου_Νικολάου,Αμμούδι_Αγίου_Νικολάου,GRBW139310014101, 30 μ. από το νότιο άκρο της ακτής,16/8/2021,08:10:00,16/8/2021,17/8/2021,0,0,OXI,OXI,OXI,OXI,OXI,Ήρεμη,ΒΔ,ΌΧΙ,ΌΧΙ
ΛΑΣΙΘΙΟΥ,Αγίου_Νικολάου,Άμμος_(Μαρίνα)_Αγίου_Νικολάου,GRBW139310008101, Μέσον ακτής,16/8/2021,08:19:00,16/8/2021,17/8/2021,2,0,OXI,OXI,OXI,OXI,OXI,Ήρεμη,ΒΔ,ΌΧΙ,ΌΧΙ
ΛΑΣΙΘΙΟΥ,Αγίου_Νικολάου,Άμμος_Αγίου_Νικολάου,GRBW139310012101, 30 μ. από το βορειοανατολικό άκρο της ακτής,16/8/2021,08:28:00,16/8/2021,17/8/2021,0,0,OXI,OXI,OXI,OXI,OXI,Ήρεμη,ΒΔ,ΌΧΙ,ΌΧΙ
ΛΑΣΙΘΙΟΥ,Αγίου_Νικολάου,Γαργαδωρός_Αγίου_Νικολάου,GRBW139310031101, 20 μ. από το βορειοανατολικό άκρο της ακτής,16/8/2021,08:33:00,16/8/2021,17/8/2021,0,0,OXI,OXI,OXI,OXI,OXI,Ήρεμη,ΒΔ,ΌΧΙ,ΌΧΙ
ΛΑΣΙΘΙΟΥ,Αγίου_Νικολάου,Αλμυρός_Αγίου_Νικολάου,GRBW139310021101, Μέσον ακτής,16/8/2021,08:41:00,16/8/2021,17/8/2021,0,0,OXI,OXI,OXI,OXI,OXI,Ήρεμη,ΒΔ,ΌΧΙ,ΌΧΙ
ΛΑΣΙΘΙΟΥ,Αγίου_Νικολάου,Αμμουδάρα_Αγίου_Νικολάου,GRBW139310015101, Μέσον ακτής,16/8/2021,08:47:00,16/8/2021,17/8/2021,0,0,OXI,OXI,OXI,OXI,OXI,Ήρεμη,ΒΔ,ΌΧΙ,ΌΧΙ
ΛΑΣΙΘΙΟΥ,Αγίου_Νικολάου,Καραβοστάσι_Αγίου_Νικολάου,GRBW139310034101, 70 μ. από το βορειοδυτικό άκρο της ακτής. Έναντι πρόσβασης,16/8/2021,08:57:00,16/8/2021,17/8/2021,0,0,OXI,OXI,OXI,OXI,OXI,Ήρεμη,ΒΔ,ΌΧΙ,ΌΧΙ
ΛΑΣΙΘΙΟΥ,Αγίου_Νικολάου,Άγιος_Παντελεήμων_Αγίου_Νικολάου,GRBW139310037101, 215 μ. από το ανατολικό άκρο της ακτής,16/8/2021,09:12:00,16/8/2021,17/8/2021,2,0,OXI,OXI,OXI,OXI,OXI,Ήρεμη,ΒΔ,ΌΧΙ,ΌΧΙ
ΛΑΣΙΘΙΟΥ,Αγίου_Νικολάου,Βούλισμα_Αγίου_Νικολάου,GRBW139310018101, Μέσον ακτής,16/8/2021,09:21:00,16/8/2021,17/8/2021,0,0,OXI,OXI,OXI,OXI,OXI,Ήρεμη,ΒΔ,ΌΧΙ,ΌΧΙ
ΛΑΣΙΘΙΟΥ,Αγίου_Νικολάου,Καλό_Χωριό_Αγίου_Νικολάου,GRBW139310030101, 100 μ. από το ανατολικό άκρο της ακτής,16/8/2021,09:31:00,16/8/2021,17/8/2021,0,0,OXI,OXI,OXI,OXI,OXI,Ήρεμη,ΒΔ,ΌΧΙ,ΌΧΙ
ΛΑΣΙΘΙΟΥ,Ιεράπετρας,Θόλος_Ιεράπετρας,GRBW139311160101, 90 μ. από το δυτικό άκρο της ακτής,16/8/2021,09:57:00,16/8/2021,17/8/2021,0,0,OXI,OXI,OXI,OXI,OXI,Ήρεμη,ΒΔ,ΌΧΙ,ΌΧΙ
ΛΑΣΙΘΙΟΥ,Σητείας,Μόχλος_Ξεροστέρνια_Σητείας,GRBW139313101101, Μέσον ακτής,16/8/2021,10:22:00,16/8/2021,17/8/2021,0,0,OXI,OXI,OXI,OXI,OXI,Ήρεμη,ΒΔ,ΌΧΙ,ΌΧΙ
ΛΑΣΙΘΙΟΥ,Σητείας,Παπαδιόκαμπος_Σητείας,GRBW139313094101, 40 μ. από το βορειοδυτικό άκρο της ακτής,16/8/2021,11:22:00,16/8/2021,17/8/2021,0,0,OXI,OXI,OXI,OXI,OXI,Ήρεμη,ΒΔ,ΌΧΙ,ΌΧΙ
ΛΑΣΙΘΙΟΥ,Σητείας,Σητεία_Σητείας,GRBW139313102101, Βορειοδυτικό άκρο ακτής,16/8/2021,11:50:00,16/8/2021,17/8/2021,0,2,OXI,OXI,OXI,OXI,OXI,Ήρεμη,ΒΔ,ΌΧΙ,ΌΧΙ
ΛΑΣΙΘΙΟΥ,Σητείας,Ανάλουκας_Σητείας,GRBW139313095101, 70 μ. από το δυτικό άκρο της ακτής,16/8/2021,12:06:00,16/8/2021,17/8/2021,0,0,OXI,ΝΑΙ,ΝΑΙ,ΝΑΙ,ΝΑΙ,Ήρεμη,ΒΔ,ΌΧΙ,ΌΧΙ
ΛΑΣΙΘΙΟΥ,Σητείας,Βάι_–_Φοινικόδασος_Σητείας,GRBW139313100101, Νότιο άκρο ακτής,16/8/2021,12:29:00,16/8/2021,17/8/2021,4,6,OXI,OXI,OXI,OXI,OXI,Ήρεμη,ΒΔ,ΌΧΙ,ΌΧΙ
ΛΑΣΙΘΙΟΥ,Σητείας,ΕΡΗΜΟΥΠΟΛΗ,GRBW139313175101,Νότιο όριο παραλίας,16/8/2021,12:36:00,16/8/2021,17/8/2021,2,8,OXI,OXI,OXI,OXI,OXI,Ήρεμη,ΒΔ,ΌΧΙ,ΌΧΙ
ΛΑΣΙΘΙΟΥ,Σητείας,Κουρεμένος_Σητείας,GRBW139313099101, 430 μ. από το βόρειο άκρο της ακτής,16/8/2021,12:52:00,16/8/2021,17/8/2021,2,4,OXI,OXI,OXI,OXI,OXI,Ήρεμη,ΒΔ,ΌΧΙ,ΌΧΙ
ΛΑΣΙΘΙΟΥ,Σητείας,Χιώνα_Σητείας,GRBW139313097101, Μέσον ακτής,16/8/2021,13:00:00,16/8/2021,17/8/2021,0,0,OXI,OXI,OXI,OXI,OXI,Ήρεμη,ΒΔ,ΌΧΙ,ΌΧΙ
ΛΑΣΙΘΙΟΥ,Σητείας,Κάτω_Ζάκρος_Σητείας,GRBW139313098101, Μέσον ακτής,16/8/2021,13:48:00,16/8/2021,17/8/2021,0,0,OXI,OXI,OXI,OXI,OXI,Ήρεμη,ΒΔ,ΌΧΙ,ΌΧΙ
ΛΑΣΙΘΙΟΥ,Σητείας,Βούρλια_Σητείας,GRBW139313093101, 70 μ. από το βόρειο άκρο της ακτής,16/8/2021,14:15:00,16/8/2021,17/8/2021,2,6,OXI,OXI,OXI,OXI,OXI,Ήρεμη,ΒΔ,ΌΧΙ,ΌΧΙ
ΛΑΣΙΘΙΟΥ,Σητείας,Μεγάλη_Παραλία_Ξερόκαμπου_Σητείας,GRBW139312158101, Μέσον ακτής,16/8/2021,14:23:00,16/8/2021,17/8/2021,0,0,OXI,OXI,OXI,OXI,OXI,Ήρεμη,ΒΔ,ΌΧΙ,ΌΧΙ
ΡΕΘΥΜΝΟΥ,Ρεθύμνης,Επισκοπή_1_Ρεθύμνης,GRBW139318089101, Μέσον ακτής,17/8/2021,08:45:00,17/8/2021,18/8/2021,0,0,OXI,OXI,OXI,OXI,OXI,Ελαφρά Κυματώδης,Β,ΌΧΙ,ΌΧΙ
ΧΑΝΙΩΝ,Αποκορώνου,Καβρός_Αποκορώνου,GRBW139319041101, 1670 μ. από το ανατολικό άκρο της ακτής.,17/8/2021,08:59:00,17/8/2021,18/8/2021,8,16,OXI,OXI,OXI,OXI,OXI,Ελαφρά Κυματώδης,Β,ΌΧΙ,ΌΧΙ
ΧΑΝΙΩΝ,Αποκορώνου,Γεωργιούπολη_Αποκορώνου,GRBW139319039101, Μέσον ακτής,17/8/2021,09:33:00,17/8/2021,18/8/2021,0,0,OXI,OXI,OXI,OXI,OXI,Ελαφρά Κυματώδης,Β,ΌΧΙ,ΌΧΙ
ΧΑΝΙΩΝ,Αποκορώνου,Αλμυρίδα_Αποκορώνου,GRBW139319038101, Μέσον ακτής,17/8/2021,10:03:00,17/8/2021,18/8/2021,2,4,OXI,OXI,OXI,OXI,OXI,Ελαφρά Κυματώδης,Β,ΌΧΙ,ΌΧΙ
ΧΑΝΙΩΝ,Αποκορώνου,Καλύβες_Αποκορώνου,GRBW139319040101, 200 μ. από το ανατολικό άκρο της ακτής,17/8/2021,10:19:00,17/8/2021,18/8/2021,8,12,OXI,OXI,OXI,OXI,OXI,Ελαφρά Κυματώδης,Β,ΌΧΙ,ΌΧΙ
ΧΑΝΙΩΝ,Αποκορώνου,Κυανή_Ακτή_Αποκορώνου,GRBW139319037101, 600 μ. από το βορειοδυτικό άκρο της ακτής,17/8/2021,10:36:00,17/8/2021,18/8/2021,4,6,OXI,OXI,OXI,OXI,OXI,Ελαφρά Κυματώδης,Β,ΌΧΙ,ΌΧΙ
ΧΑΝΙΩΝ,Σφακίων,Ομπρός_Γιαλός_Σφακίων,GRBW139324103101, Μέσον ακτής,17/8/2021,12:05:00,17/8/2021,18/8/2021,2,4,OXI,OXI,OXI,OXI,OXI,Ήρεμη,Β,ΌΧΙ,ΌΧΙ
ΧΑΝΙΩΝ,Σφακίων,Ίλιγγας_Σφακίων,GRBW139324104101, Μέσον ακτής,17/8/2021,12:14:00,17/8/2021,18/8/2021,6,12,OXI,OXI,OXI,OXI,OXI,Ήρεμη,Β,ΌΧΙ,ΌΧΙ
ΧΑΝΙΩΝ,Σφακίων,Φραγκοκάστελλο_Χανίων,GRBW139324170101, Μέσον ακτής,17/8/2021,13:02:00,17/8/2021,18/8/2021,2,0,OXI,OXI,OXI,OXI,OXI,Ήρεμη,Β,ΌΧΙ,ΌΧΙ
ΡΕΘΥΜΝΟΥ,Αγίου_Βασιλείου,ΠΟΛΥΡΙΖΟΣ,GRBW139314176101,Μέσον ακτής,17/8/2021,13:29:00,17/8/2021,18/8/2021,0,0,OXI,OXI,OXI,OXI,OXI,Ήρεμη,Β,ΌΧΙ,ΌΧΙ
ΡΕΘΥΜΝΟΥ,Αγίου_Βασιλείου,Κόρακας_Ροδάκινο_Αγίου_Βασιλείου,GRBW139314002101, 140 μ. από το ανατολικό άκρο της ακτής,17/8/2021,13:36:00,17/8/2021,18/8/2021,2,0,OXI,OXI,OXI,OXI,OXI,Ήρεμη,Β,ΌΧΙ,ΌΧΙ
ΛΑΣΙΘΙΟΥ,Ιεράπετρας,Παχειά_Άμμος_Ιεράπετρας,GRBW139311057101, 90 μ. από το βορειοδυτικό άκρο της ακτής,17/8/2021,08:48:00,17/8/2021,18/8/2021,4,0,OXI,OXI,OXI,OXI,OXI,Ήρεμη,Ν,ΌΧΙ,ΌΧΙ
ΛΑΣΙΘΙΟΥ,Ιεράπετρας,Ιεράπετρα_Δημοτική_Πλαζ_Ιεράπετρας,GRBW139311047101, 100 μ. από το βορειοανατολικό άκρο της ακτής,17/8/2021,09:12:00,17/8/2021,18/8/2021,6,0,OXI,OXI,OXI,OXI,OXI,Ήρεμη,Ν,ΌΧΙ,ΌΧΙ
ΛΑΣΙΘΙΟΥ,Ιεράπετρας,Ιεράπετρα_3_Ιεράπετρας,GRBW139311056101, Δυτικό άκρο ακτής,17/8/2021,09:23:00,17/8/2021,18/8/2021,0,0,OXI,OXI,OXI,OXI,OXI,Ήρεμη,Ν,ΌΧΙ,ΌΧΙ
ΛΑΣΙΘΙΟΥ,Ιεράπετρας,Ιεράπετρα_Ιεράπετρας,GRBW139311052101, 740 μ. από το βορειοδυτικό άκρο της ακτής.,17/8/2021,09:30:00,17/8/2021,18/8/2021,4,0,OXI,OXI,OXI,OXI,OXI,Ήρεμη,Ν,ΌΧΙ,ΌΧΙ
ΛΑΣΙΘΙΟΥ,Ιεράπετρας,Καθαράδες_Ιεράπετρας,GRBW139311045101, Μέσον ακτής,17/8/2021,09:45:00,17/8/2021,18/8/2021,4,0,OXI,OXI,OXI,OXI,OXI,Ήρεμη,Ν,ΌΧΙ,ΌΧΙ
ΛΑΣΙΘΙΟΥ,Ιεράπετρας,Άγιος_Ιωάννης_Ιεράπετρας,GRBW139311046101, 480 μ. από το ανατολικό άκρο της ακτής,17/8/2021,10:01:00,17/8/2021,18/8/2021,0,0,OXI,OXI,OXI,OXI,OXI,Ήρεμη,Ν,ΌΧΙ,ΌΧΙ
ΛΑΣΙΘΙΟΥ,Ιεράπετρας,Κουτσουνάρι_Ιεράπετρας,GRBW139311060101, Μέσον ακτής,17/8/2021,10:09:00,17/8/2021,18/8/2021,0,0,OXI,OXI,OXI,OXI,OXI,Ήρεμη,Ν,ΌΧΙ,ΌΧΙ
ΛΑΣΙΘΙΟΥ,Ιεράπετρας,Φέρμα_Ιεράπετρας,GRBW139311051101, 50 μ. από το δυτικό άκρο της ακτής,17/8/2021,10:22:00,17/8/2021,18/8/2021,2,0,OXI,OXI,OXI,OXI,OXI,Ήρεμη,Ν,ΌΧΙ,ΌΧΙ
ΛΑΣΙΘΙΟΥ,Ιεράπετρας,Αγιά_Φωτιά_Ιεράπετρας,GRBW139311055101, Μέσον ακτής,17/8/2021,10:41:00,17/8/2021,18/8/2021,2,0,OXI,OXI,OXI,OXI,OXI,Ήρεμη,Ν,ΌΧΙ,ΌΧΙ
ΛΑΣΙΘΙΟΥ,Ιεράπετρας,Αχλιά_Σχινοκαψάλων_Ιεράπετρας,GRBW139311050101, Μέσον ακτής,17/8/2021,10:56:00,17/8/2021,18/8/2021,4,0,OXI,OXI,OXI,OXI,OXI,Ήρεμη,Ν,ΌΧΙ,ΌΧΙ
ΛΑΣΙΘΙΟΥ,Ιεράπετρας,Άγιος_Παντελεήμων_Ιεράπετρας,GRBW139310029101, 40 μ. από το βορειοδυτικό άκρο της ακτής,17/8/2021,11:03:00,17/8/2021,18/8/2021,4,0,OXI,OXI,OXI,OXI,OXI,Ήρεμη,Ν,ΌΧΙ,ΌΧΙ
ΛΑΣΙΘΙΟΥ,Ιεράπετρας,Καλαμοκανιάς_Ιεράπετρας,GRBW139311161101, Μέσον ακτής,17/8/2021,11:22:00,17/8/2021,18/8/2021,0,0,OXI,OXI,OXI,OXI,OXI,Ήρεμη,Ν,ΌΧΙ,ΌΧΙ
ΛΑΣΙΘΙΟΥ,Ιεράπετρας,Κοινοτική_Πλαζ_Μακρυγιαλού_Ιεράπετρας,GRBW139311054101, 150 μ. από το βορειοανατολικό άκρο της ακτής,17/8/2021,11:38:00,17/8/2021,18/8/2021,0,0,OXI,OXI,OXI,OXI,OXI,Ήρεμη,Ν,ΌΧΙ,ΌΧΙ
ΛΑΣΙΘΙΟΥ,Ιεράπετρας,Ανάληψη_Ιεράπετρας,GRBW139311053101, Μέσον ακτής,17/8/2021,11:44:00,17/8/2021,18/8/2021,0,0,OXI,OXI,OXI,OXI,OXI,Ήρεμη,Ν,ΌΧΙ,ΌΧΙ
ΛΑΣΙΘΙΟΥ,Ιεράπετρας,Λαγκούφα_Ιεράπετρας,GRBW139311048101, Μέσον ακτής,17/8/2021,11:55:00,17/8/2021,18/8/2021,2,0,OXI,OXI,OXI,OXI,OXI,Ήρεμη,Ν,ΌΧΙ,ΌΧΙ
ΛΑΣΙΘΙΟΥ,Ιεράπετρας,Διασκάρι_Ιεράπετρας,GRBW139311058101, 80 μ. από το βορειοδυτικό άκρο της ακτής,17/8/2021,12:19:00,17/8/2021,18/8/2021,0,0,OXI,OXI,OXI,OXI,OXI,Ήρεμη,Ν,ΌΧΙ,ΌΧΙ
ΛΑΣΙΘΙΟΥ,Σητείας,Λιμανάκι_Γούδουρα_Σητείας,GRBW139313096101, 140 μ. από το νοτιοανατολικό άκρο της ακτής,17/8/2021,12:43:00,17/8/2021,18/8/2021,4,0,OXI,OXI,OXI,OXI,OXI,Ήρεμη,Ν,ΌΧΙ,ΌΧΙ
ΛΑΣΙΘΙΟΥ,Ιεράπετρας,Γρα_Λυγιά_Ιεράπετρας,GRBW139311159101, Μέσον ακτής - 300μ. Δυτικά από τον μόλο,17/8/2021,13:51:00,17/8/2021,18/8/2021,0,0,OXI,OXI,OXI,OXI,OXI,Ήρεμη,Ν,ΌΧΙ,ΌΧΙ
ΛΑΣΙΘΙΟΥ,Ιεράπετρας,Μύρτος_Ιεράπετρας,GRBW139311049101, Μέσον ακτής,17/8/2021,14:14:00,17/8/2021,18/8/2021,0,0,OXI,OXI,OXI,OXI,OXI,Ήρεμη,Ν,ΌΧΙ,ΌΧΙ
ΗΡΑΚΛΕΙΟΥ,Βιάννου,ΤΕΡΤΣΑ,GRBW139303174101,Στην έξοδο της επαρχιακής οδού – νότια του οικισμού,17/8/2021,14:34:00,17/8/2021,18/8/2021,4,0,OXI,OXI,OXI,OXI,OXI,Ήρεμη,Ν,ΌΧΙ,ΌΧΙ
ΗΡΑΚΛΕΙΟΥ,Βιάννου,Ψαρή_Φοράδα_Βιάννου,GRBW139303164101, Μέσον ακτής,17/8/2021,14:52:00,17/8/2021,18/8/2021,4,0,OXI,OXI,OXI,OXI,OXI,Ήρεμη,Ν,ΌΧΙ,ΌΧΙ
ΗΡΑΚΛΕΙΟΥ,Βιάννου,Άρβη_Βιάννου,GRBW139303165101, 70μ. δυτικά από το μόλο,17/8/2021,15:15:00,17/8/2021,18/8/2021,0,0,OXI,OXI,OXI,OXI,OXI,Ήρεμη,Ν,ΌΧΙ,ΌΧΙ
ΗΡΑΚΛΕΙΟΥ,Βιάννου,Καστρί_Βιάννου,GRBW139303166101, Στην έξοδο της επαρχιακής οδού Χόνδρου-Καστρί,17/8/2021,15:41:00,17/8/2021,18/8/2021,0,0,OXI,OXI,OXI,OXI,OXI,Ήρεμη,Ν,ΌΧΙ,ΌΧΙ
ΗΡΑΚΛΕΙΟΥ,Μινώα_Πεδιάδας,Τσούτσουρας_1_Μινώα_Πεδιάδας,GRBW139302042101, 170 μ. από το δυτικό άκρο της ακτής,17/8/2021,16:03:00,17/8/2021,18/8/2021,2,0,OXI,OXI,OXI,OXI,OXI,Ήρεμη,Ν,ΌΧΙ,ΌΧΙ
ΗΡΑΚΛΕΙΟΥ,Αρχανών_Αστερουσίων,Αρκαλοχώρι_Αρχανών_Αστερουσίων,GRBW139302043101, 170 μ. από το δυτικό άκρο της ακτής,17/8/2021,16:10:00,17/8/2021,18/8/2021,0,0,OXI,OXI,OXI,OXI,OXI,Ήρεμη,Ν,ΌΧΙ,ΌΧΙ
ΛΑΣΙΘΙΟΥ,Ιεράπετρας,Χρυσή_–_Γαϊδουρονήσι_Ιεράπετρας,GRBW139311059101, 340 μ. από το δυτικό άκρο της ακτής,17/8/2021,15:08:00,17/8/2021,18/8/2021,0,0,OXI,OXI,OXI,OXI,OXI,Ήρεμη,Β,ΌΧΙ,ΌΧΙ
ΧΑΝΙΩΝ,Χανίων,Βλήτες_Χανίων,GRBW139325120101, Μέσον ακτής,18/8/2021,09:26:00,18/8/2021,19/8/2021,0,0,OXI,OXI,OXI,OXI,OXI,Ήρεμη,Β,ΌΧΙ,ΌΧΙ
ΧΑΝΙΩΝ,Χανίων,Λουτράκι_(Ακρωτήρι)_Χανίων,GRBW139325125101, Μέσον ακτής,18/8/2021,09:48:00,18/8/2021,19/8/2021,2,4,OXI,OXI,OXI,OXI,OXI,Ήρεμη,Β,ΌΧΙ,ΌΧΙ
ΧΑΝΙΩΝ,Χανίων,ΑΚΤΗ ΜΑΡΑΘΙ 2,GRBW139325171101,Μέσον ακτής,18/8/2021,09:57:00,18/8/2021,19/8/2021,2,0,OXI,OXI,OXI,OXI,OXI,Ήρεμη,Β,ΌΧΙ,ΌΧΙ
ΧΑΝΙΩΝ,Χανίων,Μαράθι_Χανίων,GRBW139325115101, 60 μ. από το ανατολικό άκρο της ακτής,18/8/2021,09:58:00,18/8/2021,19/8/2021,0,2,OXI,OXI,OXI,OXI,OXI,Ήρεμη,Β,ΌΧΙ,ΌΧΙ
ΧΑΝΙΩΝ,Χανίων,Άγιος_Ονούφριος_Χανίων,GRBW139325111101, 30 μ. από το νότιο άκρο της ακτής,18/8/2021,10:22:00,18/8/2021,19/8/2021,0,0,OXI,OXI,ΝΑΙ,OXI,ΝΑΙ,Ήρεμη,Β,ΌΧΙ,ΌΧΙ
ΧΑΝΙΩΝ,Χανίων,Καλαθάς_Χανίων,GRBW139325113101, Μέσον ακτής,18/8/2021,10:35:00,18/8/2021,19/8/2021,0,0,OXI,OXI,OXI,OXI,OXI,Ελαφρά Κυματώδης,Β,ΌΧΙ,ΌΧΙ
ΧΑΝΙΩΝ,Χανίων,Ταρσανάς_Χανίων,GRBW139325168101, Μέσον ακτής,18/8/2021,10:45:00,18/8/2021,19/8/2021,4,0,OXI,OXI,OXI,OXI,OXI,Ήρεμη,Β,ΌΧΙ,ΌΧΙ
ΧΑΝΙΩΝ,Χανίων,Σταυρός_Χανίων,GRBW139325114101, 200 μ. από το βόρειο άκρο της ακτής,18/8/2021,11:00:00,18/8/2021,19/8/2021,4,0,OXI,OXI,OXI,OXI,OXI,Ήρεμη,Β,ΌΧΙ,ΌΧΙ
ΧΑΝΙΩΝ,Χανίων,Παχιά_Άμμος_Σταυρού_Χανίων,GRBW139325169101, 70μ. από το ανατολικό άκρο της ακτής,18/8/2021,11:07:00,18/8/2021,19/8/2021,0,2,OXI,OXI,OXI,OXI,OXI,Ελαφρά Κυματώδης,Β,ΌΧΙ,ΌΧΙ
ΧΑΝΙΩΝ,Χανίων,Κουμ_Καπί_Χανίων,GRBW139325117101, 100 μ. από το ανατολικό άκρο της ακτής,18/8/2021,11:40:00,18/8/2021,19/8/2021,4,0,OXI,OXI,OXI,OXI,OXI,Ελαφρά Κυματώδης,Β,ΌΧΙ,ΌΧΙ
ΧΑΝΙΩΝ,Χανίων,Νέα_Χώρα_Χανίων,GRBW139325112101, 200 μ. από το βορειοανατολικό άκρο της ακτής,18/8/2021,11:56:00,18/8/2021,19/8/2021,2,4,OXI,OXI,OXI,OXI,OXI,Ελαφρά Κυματώδης,Β,ΌΧΙ,ΌΧΙ
ΧΑΝΙΩΝ,Χανίων,Χρυσή_Ακτή_Χανίων,GRBW139325108101, Μέσον ακτής,18/8/2021,12:10:00,18/8/2021,19/8/2021,4,2,OXI,OXI,OXI,OXI,OXI,Ελαφρά Κυματώδης,Β,ΌΧΙ,ΌΧΙ
ΧΑΝΙΩΝ,Χανίων,Άγιοι_Απόστολοι_–_ΕΟΤ_Ανατολικά_Χανίων,GRBW139325118101, Μέσον ακτής,18/8/2021,12:18:00,18/8/2021,19/8/2021,2,0,OXI,OXI,OXI,OXI,OXI,Ελαφρά Κυματώδης,Β,ΌΧΙ,ΌΧΙ
ΧΑΝΙΩΝ,Χανίων,Άγιοι_Απόστολοι_–_ΕΟΤ_Δυτικά_Χανίων,GRBW139325109101, Μέσον ακτής,18/8/2021,13:13:00,18/8/2021,19/8/2021,2,4,OXI,OXI,OXI,OXI,OXI,Ελαφρά Κυματώδης,Β,ΌΧΙ,ΌΧΙ
ΧΑΝΙΩΝ,Χανίων,Καλαμάκι_Χανίων,GRBW139325116101, 70 μ. από το βορειοδυτικό άκρο της ακτής,18/8/2021,13:19:00,18/8/2021,19/8/2021,0,0,OXI,OXI,OXI,OXI,OXI,Ελαφρά Κυματώδης,Β,ΌΧΙ,ΌΧΙ
ΧΑΝΙΩΝ,Χανίων,Αγία_Μαρίνα_–_Στάλος_Χανίων,GRBW139325110101, 320 μ. από το δυτικό άκρο της ακτής,18/8/2021,13:26:00,18/8/2021,19/8/2021,4,6,OXI,OXI,OXI,OXI,OXI,Ελαφρά Κυματώδης,Β,ΌΧΙ,ΌΧΙ
ΧΑΝΙΩΝ,Χανίων,Αγία_Μαρίνα_2_Χανίων,GRBW139325122101, 90 μ. από το δυτικό άκρο της ακτής,18/8/2021,13:32:00,18/8/2021,19/8/2021,2,4,OXI,OXI,OXI,OXI,OXI,Ελαφρά Κυματώδης,Β,ΌΧΙ,ΌΧΙ
ΧΑΝΙΩΝ,Χανίων,Αγία_Μαρίνα_1_Χανίων,GRBW139325123101, 140 μ. από το νοτιοδυτικό άκρο της ακτής,18/8/2021,13:46:00,18/8/2021,19/8/2021,0,2,OXI,OXI,OXI,OXI,OXI,Ελαφρά Κυματώδης,Β,ΌΧΙ,ΌΧΙ
ΧΑΝΙΩΝ,Χανίων,Αγία_Μαρίνα_3_Χανίων,GRBW139325121101, 420 μ. από το ανατολικό άκρο της ακτής,18/8/2021,13:54:00,18/8/2021,19/8/2021,2,0,OXI,OXI,OXI,OXI,OXI,Ελαφρά Κυματώδης,Β,ΌΧΙ,ΌΧΙ
ΧΑΝΙΩΝ,Πλατανιά,Γεράνι_–_Πλατανιάς_Πλατανιά,GRBW139323083101, Μέσον ακτής,18/8/2021,14:08:00,18/8/2021,19/8/2021,2,4,OXI,OXI,OXI,OXI,OXI,Ελαφρά Κυματώδης,Β,ΌΧΙ,ΌΧΙ
ΧΑΝΙΩΝ,Πλατανιά,Λιμανάκι_Πλατανιά_Πλατανιά,GRBW139325119101, Δυτικό άκρο ακτής,18/8/2021,14:01:00,18/8/2021,19/8/2021,0,0,OXI,OXI,OXI,OXI,OXI,Ελαφρά Κυματώδης,Β,ΌΧΙ,ΌΧΙ
ΛΑΣΙΘΙΟΥ,Αγίου_Νικολάου,Άγιος_Νικόλαος_3_Αγίου_Νικολάου,GRBW139310022101, 17 μ. από το δυτικό άκρο της ακτής,18/8/2021,08:40:00,18/8/2021,19/8/2021,0,0,OXI,OXI,OXI,OXI,OXI,Ήρεμη,Δ,ΌΧΙ,ΌΧΙ
ΛΑΣΙΘΙΟΥ,Αγίου_Νικολάου,Άγιος_Νικόλαος_1_Αγίου_Νικολάου,GRBW139310009101, 20 μ. από το βόρειο άκρο της ακτής,18/8/2021,08:49:00,18/8/2021,19/8/2021,2,0,OXI,OXI,OXI,OXI,OXI,Ήρεμη,Δ,ΌΧΙ,ΌΧΙ
ΛΑΣΙΘΙΟΥ,Αγίου_Νικολάου,Άγιος_Νικόλαος_2_Αγίου_Νικολάου,GRBW139310026101, 60 μ. από το βόρειο άκρο της ακτής,18/8/2021,08:58:00,18/8/2021,19/8/2021,0,0,OXI,OXI,OXI,OXI,OXI,Ήρεμη,Δ,ΌΧΙ,ΌΧΙ
ΛΑΣΙΘΙΟΥ,Αγίου_Νικολάου,Μιραμπέλλο_Αγίου_Νικολάου,GRBW139310007101, 30 μ. από το νοτιοανατολικό άκρο της ακτής,18/8/2021,09:09:00,18/8/2021,19/8/2021,4,2,OXI,OXI,OXI,OXI,OXI,Ήρεμη,Δ,ΌΧΙ,ΌΧΙ
ΛΑΣΙΘΙΟΥ,Αγίου_Νικολάου,Δημοτική_Ακτή_Χαβάνια_Αγίου_Νικολάου,GRBW139310035101, Μέσον ακτής,18/8/2021,09:14:00,18/8/2021,19/8/2021,4,8,OXI,OXI,OXI,OXI,OXI,Ήρεμη,Δ,ΌΧΙ,ΌΧΙ
ΛΑΣΙΘΙΟΥ,Αγίου_Νικολάου,Δημοτική_Ακτή_Χαβάνια_Βόρεια_Αγίου_Νικολάου,GRBW139310013101, 16 μ. από το νοτιοδυτικό άκρο της ακτής,18/8/2021,09:20:00,18/8/2021,19/8/2021,0,0,OXI,OXI,OXI,OXI,OXI,Ήρεμη,Δ,ΌΧΙ,ΌΧΙ
ΛΑΣΙΘΙΟΥ,Αγίου_Νικολάου,Πόρος_Αγίου_Νικολάου,GRBW139310036101, Μέσον ακτής,18/8/2021,09:35:00,18/8/2021,19/8/2021,4,0,OXI,OXI,OXI,OXI,OXI,Ήρεμη,Δ,ΌΧΙ,ΌΧΙ
ΛΑΣΙΘΙΟΥ,Αγίου_Νικολάου,Ελούντα_1_Αγίου_Νικολάου,GRBW139310027101, Νότιο άκρο της ακτής,18/8/2021,09:48:00,18/8/2021,19/8/2021,0,0,OXI,OXI,OXI,OXI,OXI,Ήρεμη,Δ,ΌΧΙ,ΌΧΙ
ΛΑΣΙΘΙΟΥ,Αγίου_Νικολάου,Πηγαδάκια_Ελούντα_Αγίου_Νικολάου,GRBW139310020101, Μέσον ακτής,18/8/2021,09:58:00,18/8/2021,19/8/2021,2,0,OXI,OXI,OXI,OXI,OXI,Ήρεμη,Δ,ΌΧΙ,ΌΧΙ
ΛΑΣΙΘΙΟΥ,Αγίου_Νικολάου,Πόρος_Βόρεια_Αγίου_Νικολάου,GRBW139310028101, 17 μ. από το βόρειο άκρο της ακτής,18/8/2021,10:12:00,18/8/2021,19/8/2021,0,0,OXI,OXI,OXI,OXI,OXI,Ήρεμη,Δ,ΌΧΙ,ΌΧΙ
ΛΑΣΙΘΙΟΥ,Αγίου_Νικολάου,Χιόνα_Αγίου_Νικολάου,GRBW139310023101, 45 μ. από το νοτιοανατολικό άκρο της ακτής,18/8/2021,10:25:00,18/8/2021,19/8/2021,4,0,OXI,OXI,OXI,OXI,OXI,Ήρεμη,Δ,ΌΧΙ,ΌΧΙ
ΛΑΣΙΘΙΟΥ,Αγίου_Νικολάου,Σχίσμα_Αγίου_Νικολάου,GRBW139310025101, 100 μ. από το βόρειο άκρο της ακτής,18/8/2021,10:35:00,18/8/2021,19/8/2021,0,0,OXI,OXI,OXI,OXI,OXI,Ήρεμη,Δ,ΌΧΙ,ΌΧΙ
ΛΑΣΙΘΙΟΥ,Αγίου_Νικολάου,Ελούντα_2_Αγίου_Νικολάου,GRBW139310019101, 25 μ. από το βόρειο άκρο της ακτής,18/8/2021,10:44:00,18/8/2021,19/8/2021,0,0,OXI,OXI,OXI,OXI,OXI,Ήρεμη,Δ,ΌΧΙ,ΌΧΙ
ΛΑΣΙΘΙΟΥ,Αγίου_Νικολάου,Δρηρός_Αγίου_Νικολάου,GRBW139310011101, Μέσον ακτής,18/8/2021,10:52:00,18/8/2021,19/8/2021,4,0,OXI,OXI,OXI,OXI,OXI,Ήρεμη,Δ,ΌΧΙ,ΌΧΙ
ΛΑΣΙΘΙΟΥ,Αγίου_Νικολάου,Πλάκα_Αγίου_Νικολάου,GRBW139310024101, Μέσον ακτής,18/8/2021,11:05:00,18/8/2021,19/8/2021,0,0,OXI,OXI,OXI,OXI,OXI,Ήρεμη,Δ,ΌΧΙ,ΌΧΙ
ΛΑΣΙΘΙΟΥ,Αγίου_Νικολάου,Μίλατος_Αγίου_Νικολάου,GRBW139310032101, 57 μ. από το δυτικό άκρο της ακτής,18/8/2021,12:09:00,18/8/2021,19/8/2021,0,0,OXI,OXI,OXI,OXI,OXI,Ήρεμη,Δ,ΌΧΙ,ΌΧΙ
ΛΑΣΙΘΙΟΥ,Αγίου_Νικολάου,Μπούφου_Αγίου_Νικολάου,GRBW139310033101, Μέσον ακτής,18/8/2021,12:36:00,18/8/2021,19/8/2021,0,0,OXI,OXI,OXI,OXI,ΝΑΙ,Ήρεμη,Δ,ΌΧΙ,ΌΧΙ
ΛΑΣΙΘΙΟΥ,Αγίου_Νικολάου,Σίσυ_Λιμάνι_Αγίου_Νικολάου,GRBW139310016101, Νότιο άκρο ακτής,18/8/2021,12:48:00,18/8/2021,19/8/2021,2,0,OXI,OXI,OXI,OXI,OXI,Ήρεμη,Δ,ΌΧΙ,ΌΧΙ
ΛΑΣΙΘΙΟΥ,Αγίου_Νικολάου,Αγία_Βαρβάρα_Αγίου_Νικολάου,GRBW139310010101, Μέσον ακτής,18/8/2021,12:59:00,18/8/2021,19/8/2021,0,0,OXI,OXI,OXI,OXI,OXI,Ήρεμη,Δ,ΌΧΙ,ΌΧΙ
ΡΕΘΥΜΝΟΥ,Αγίου_Βασιλείου,ΣΧΟΙΝΑΡΙΑ,GRBW139314177101,Μέσον ακτής,19/8/2021,08:24:00,19/8/2021,20/8/2021,4,10,OXI,OXI,OXI,OXI,OXI,Ελαφρά Κυματώδης,B,ΌΧΙ,ΌΧΙ
ΡΕΘΥΜΝΟΥ,Αγίου_Βασιλείου,Δαμνόνι_Αγίου_Βασιλείου,GRBW139314003101, Μέσον ακτής,19/8/2021,08:43:00,19/8/2021,20/8/2021,0,0,OXI,OXI,OXI,OXI,OXI,Ελαφρά Κυματώδης,B,ΌΧΙ,ΌΧΙ
ΡΕΘΥΜΝΟΥ,Αγίου_Βασιλείου,Πλακιάς_1_Αγίου_Βασιλείου,GRBW139314001101, 420 μ. από το βορειοδυτικό άκρο της ακτής,19/8/2021,08:52:00,19/8/2021,20/8/2021,2,0,OXI,OXI,OXI,OXI,OXI,Ελαφρά Κυματώδης,B,ΌΧΙ,ΌΧΙ
ΡΕΘΥΜΝΟΥ,Αγίου_Βασιλείου,Πλακιάς_2_Αγίου_Βασιλείου,GRBW139314006101, 80 μ. από το νοτιοανατολικό άκρο της ακτής,19/8/2021,08:58:00,19/8/2021,20/8/2021,0,0,OXI,OXI,OXI,OXI,OXI,Ελαφρά Κυματώδης,B,ΌΧΙ,ΌΧΙ
ΡΕΘΥΜΝΟΥ,Αγίου_Βασιλείου,Σούδα_Αγίου_Βασιλείου,GRBW139314004101, Μέσον ακτής,19/8/2021,09:06:00,19/8/2021,20/8/2021,2,0,OXI,OXI,OXI,OXI,OXI,Ελαφρά Κυματώδης,B,ΌΧΙ,ΌΧΙ
ΡΕΘΥΜΝΟΥ,Αγίου_Βασιλείου,Ασώματος_Πρέβελη_Αγίου_Βασιλείου,GRBW139314009101, Εκβολή ποταμού Κουρταλιώτη,19/8/2021,09:57:00,19/8/2021,20/8/2021,0,0,OXI,OXI,OXI,OXI,OXI,Ελαφρά Κυματώδης,B,ΌΧΙ,ΌΧΙ
ΡΕΘΥΜΝΟΥ,Αγίου_Βασιλείου,Ακουμιανή_Γιαλιά_Τριόπετρα_Μεγάλη_Αγίου_Βασιλείου,GRBW139314007101, 470 μ. από το νοτιοανατολικό άκρο της ακτής,19/8/2021,10:32:00,19/8/2021,20/8/2021,4,2,OXI,OXI,OXI,OXI,OXI,Ελαφρά Κυματώδης,B,ΌΧΙ,ΌΧΙ
ΡΕΘΥΜΝΟΥ,Αγίου_Βασιλείου,Ακουμιανή_Γιαλιά_Τριόπετρα_Μικρή_Αγίου_Βασιλείου,GRBW139314008101, Μέσον ακτής,19/8/2021,10:44:00,19/8/2021,20/8/2021,0,0,OXI,OXI,OXI,OXI,OXI,Ελαφρά Κυματώδης,B,ΌΧΙ,ΌΧΙ
ΡΕΘΥΜΝΟΥ,Αγίου_Βασιλείου,Σακτούρια_Άγιος_Παύλος_Αγίου_Βασιλείου,GRBW139314010101, Μέσον ακτής,19/8/2021,11:01:00,19/8/2021,20/8/2021,0,0,OXI,OXI,OXI,OXI,OXI,Ελαφρά Κυματώδης,B,ΌΧΙ,ΌΧΙ
ΡΕΘΥΜΝΟΥ,Αγίου_Βασιλείου,Αγία_Γαλήνη_Αγίου_Βασιλείου,GRBW139314005101, Μέσον ακτής,19/8/2021,11:39:00,19/8/2021,20/8/2021,0,0,OXI,OXI,OXI,OXI,OXI,Ελαφρά Κυματώδης,B,ΌΧΙ,ΌΧΙ
ΗΡΑΚΛΕΙΟΥ,Φαιστού,Κόκκινος_Πύργος_Φαιστού,GRBW139308106101, 170 μ. από το βορειοδυτικό άκρο της ακτής,19/8/2021,12:04:00,19/8/2021,20/8/2021,0,0,OXI,OXI,OXI,OXI,OXI,Ελαφρά Κυματώδης,B,ΌΧΙ,ΌΧΙ
ΗΡΑΚΛΕΙΟΥ,Φαιστού,ΚΟΚΚΙΝΟΣ ΠΥΡΓΟΣ 2,GRBW139308172101,470 μέτρα από το νότιο τέλος της ακτής,19/8/2021,11:59:00,19/8/2021,20/8/2021,2,4,OXI,OXI,OXI,OXI,OXI,Ελαφρά Κυματώδης,B,ΌΧΙ,ΌΧΙ
ΗΡΑΚΛΕΙΟΥ,Φαιστού,Ακτή_Κόμου_Φαιστού,GRBW139308105101, 630 μ. από το νότιο άκρο της ακτής,19/8/2021,12:32:00,19/8/2021,20/8/2021,0,0,OXI,OXI,OXI,OXI,OXI,Ελαφρά Κυματώδης,B,ΌΧΙ,ΌΧΙ
ΗΡΑΚΛΕΙΟΥ,Φαιστού,Μάταλα_Φαιστού,GRBW139308107101, Μέσον ακτής,19/8/2021,12:44:00,19/8/2021,20/8/2021,4,8,OXI,OXI,OXI,OXI,OXI,Ελαφρά Κυματώδης,B,ΌΧΙ,ΌΧΙ
ΗΡΑΚΛΕΙΟΥ,Φαιστού,Καλοί_Λιμένες_Φαιστού,GRBW139308162101, Μέσον ακτής,19/8/2021,13:31:00,19/8/2021,20/8/2021,4,0,OXI,OXI,OXI,OXI,OXI,Ελαφρά Κυματώδης,B,ΌΧΙ,ΌΧΙ
ΗΡΑΚΛΕΙΟΥ,Φαιστού,Χρυσόστομος_Φαιστού,GRBW139308163101, Μέσον ακτής,19/8/2021,13:43:00,19/8/2021,20/8/2021,0,0,OXI,OXI,OXI,OXI,OXI,Ελαφρά Κυματώδης,B,ΌΧΙ,ΌΧΙ
ΗΡΑΚΛΕΙΟΥ,Φαιστού,ΠΛΑΤΙΑ ΠΕΡΑΜΑΤΑ,GRBW139308173101,230μέτρα από το ανατολικό μέρος της ακτής,19/8/2021,13:59:00,19/8/2021,20/8/2021,0,0,OXI,OXI,OXI,OXI,OXI,Ελαφρά Κυματώδης,B,ΌΧΙ,ΌΧΙ
ΗΡΑΚΛΕΙΟΥ,Γόρτυνας,Λέντας_Γόρτυνας,GRBW139304167101, Μέσον ακτής,19/8/2021,14:29:00,19/8/2021,20/8/2021,0,2,OXI,OXI,OXI,OXI,OXI,Ελαφρά Κυματώδης,B,ΌΧΙ,ΌΧΙ
ΗΡΑΚΛΕΙΟΥ,Χερσονήσου,Ποταμός_1_Χερσονήσου,GRBW139309135101, 55 μ. δυτικά του ποταμού,19/8/2021,08:25:00,19/8/2021,20/8/2021,0,0,OXI,OXI,OXI,OXI,OXI,Ήρεμη,ΒΔ,ΌΧΙ,ΌΧΙ
ΗΡΑΚΛΕΙΟΥ,Χερσονήσου,Ποταμός_Χερσονήσου,GRBW139309126101, 300 μ. από το δυτικό άκρο της ακτής,19/8/2021,08:36:00,19/8/2021,20/8/2021,0,0,OXI,OXI,OXI,OXI,OXI,Ήρεμη,ΒΔ,ΌΧΙ,ΌΧΙ
ΗΡΑΚΛΕΙΟΥ,Χερσονήσου,Κλωντζάνη_Χερσονήσου,GRBW139309131101, 45 μ. από το δυτικό άκρο της ακτής,19/8/2021,08:48:00,19/8/2021,20/8/2021,0,0,OXI,OXI,OXI,OXI,OXI,Ήρεμη,ΒΔ,ΌΧΙ,ΌΧΙ
ΗΡΑΚΛΕΙΟΥ,Χερσονήσου,Αγία_Πελαγία_Χερσονήσου,GRBW139309127101, 50 μ. από το δυτικό άκρο της ακτής,19/8/2021,09:00:00,19/8/2021,20/8/2021,2,0,OXI,OXI,OXI,OXI,OXI,Ήρεμη,ΒΔ,ΌΧΙ,ΌΧΙ
ΗΡΑΚΛΕΙΟΥ,Χερσονήσου,Άγιος_Δημήτριος_Χερσονήσου,GRBW139309133101, 130 μ. από το δυτικό άκρο της ακτής,19/8/2021,09:10:00,19/8/2021,20/8/2021,2,0,OXI,OXI,OXI,OXI,OXI,Ήρεμη,ΒΔ,ΌΧΙ,ΌΧΙ
ΗΡΑΚΛΕΙΟΥ,Χερσονήσου,Σταλίδα_Χερσονήσου,GRBW139309143101, 450 μ. από το βορειοδυτικό άκρο της ακτής,19/8/2021,09:20:00,19/8/2021,20/8/2021,2,0,OXI,OXI,OXI,OXI,OXI,Ήρεμη,ΒΔ,ΌΧΙ,ΌΧΙ
ΗΡΑΚΛΕΙΟΥ,Χερσονήσου,Δράπανος_Χερσονήσου,GRBW139309137101, 50 μ. από το ανατολικό άκρο της ακτής,19/8/2021,09:36:00,19/8/2021,20/8/2021,4,6,OXI,OXI,OXI,OXI,OXI,Ήρεμη,ΒΔ,ΌΧΙ,ΌΧΙ
ΗΡΑΚΛΕΙΟΥ,Χερσονήσου,Λιμήν_Χερσονήσου_2_Χερσονήσου,GRBW139309130101, Μέσον ακτής,19/8/2021,09:50:00,19/8/2021,20/8/2021,4,0,OXI,OXI,OXI,OXI,OXI,Ήρεμη,ΒΔ,ΌΧΙ,ΌΧΙ
ΗΡΑΚΛΕΙΟΥ,Χερσονήσου,Βλυχάδα_Χερσονήσου,GRBW139309134101, Μέσον ακτής,19/8/2021,10:01:00,19/8/2021,20/8/2021,0,0,OXI,OXI,OXI,OXI,OXI,Ήρεμη,ΒΔ,ΌΧΙ,ΌΧΙ
ΗΡΑΚΛΕΙΟΥ,Χερσονήσου,Λιμήν_Χερσονήσου_1_Χερσονήσου,GRBW139309125101, 20 μ. από το ανατολικό άκρο της ακτής,19/8/2021,10:14:00,19/8/2021,20/8/2021,8,16,OXI,OXI,OXI,OXI,OXI,Ήρεμη,ΒΔ,ΌΧΙ,ΌΧΙ
ΗΡΑΚΛΕΙΟΥ,Χερσονήσου,Χερσόνησος_Χερσονήσου,GRBW139309138101, 170 μ. από το νοτιοανατολικό άκρο της ακτής,19/8/2021,10:22:00,19/8/2021,20/8/2021,2,4,OXI,OXI,OXI,OXI,OXI,Ήρεμη,ΒΔ,ΌΧΙ,ΌΧΙ
ΗΡΑΚΛΕΙΟΥ,Χερσονήσου,Ακτή_Ναυάρχου_Νεάρχου_Χερσονήσου,GRBW139309124101, 150 μ. από το δυτικό άκρο της ακτής,19/8/2021,10:43:00,19/8/2021,20/8/2021,4,0,OXI,OXI,OXI,OXI,OXI,Ήρεμη,ΒΔ,ΌΧΙ,ΌΧΙ
ΗΡΑΚΛΕΙΟΥ,Χερσονήσου,Άγιος_Γεώργιος_Χερσονήσου,GRBW139309141101, 35 μ. δυτικά της χερσονησίδας,19/8/2021,11:03:00,19/8/2021,20/8/2021,2,6,OXI,OXI,OXI,OXI,OXI,Ήρεμη,ΒΔ,ΌΧΙ,ΌΧΙ
ΗΡΑΚΛΕΙΟΥ,Χερσονήσου,Σαραντάρι_Χερσονήσου,GRBW139309144101, Μέσον ακτής,19/8/2021,11:14:00,19/8/2021,20/8/2021,4,2,OXI,OXI,OXI,OXI,OXI,Ήρεμη,ΒΔ,ΌΧΙ,ΌΧΙ
ΗΡΑΚΛΕΙΟΥ,Χερσονήσου,Ανάληψη_Χερσονήσου,GRBW139309132101, Μέσον ακτής,19/8/2021,11:39:00,19/8/2021,20/8/2021,4,0,OXI,OXI,OXI,OXI,OXI,Ήρεμη,ΒΔ,ΌΧΙ,ΌΧΙ
ΗΡΑΚΛΕΙΟΥ,Χερσονήσου,Λιμανάκι_Ανάληψης_Χερσονήσου,GRBW139309122101, Μέσον ακτής,19/8/2021,12:15:00,19/8/2021,20/8/2021,2,0,OXI,OXI,OXI,OXI,OXI,Ήρεμη,ΒΔ,ΌΧΙ,ΌΧΙ
ΡΕΘΥΜΝΟΥ,Ρεθύμνης,Ρέθυμνο_Ρεθύμνης,GRBW139318090101, 500 μ. από το δυτικό άκρο της ακτής,20/8/2021,08:23:00,20/8/2021,21/8/2021,10,18,OXI,OXI,OXI,OXI,OXI,Ελαφρά Κυματώδης,BΔ,ΌΧΙ,ΌΧΙ
ΡΕΘΥΜΝΟΥ,Ρεθύμνης,Κούμπες_Ρεθύμνης,GRBW139318092101, Μέσον ακτής,20/8/2021,09:20:00,20/8/2021,21/8/2021,2,4,OXI,OXI,OXI,OXI,OXI,Ελαφρά Κυματώδης,BΔ,ΌΧΙ,ΌΧΙ
ΡΕΘΥΜΝΟΥ,Ρεθύμνης,Αρκάδι_Ρεθύμνης,GRBW139318091101, Μέσον ακτής,20/8/2021,10:07:00,20/8/2021,21/8/2021,0,0,OXI,OXI,OXI,OXI,OXI,Ελαφρά Κυματώδης,BΔ,ΌΧΙ,ΌΧΙ
ΡΕΘΥΜΝΟΥ,Ρεθύμνης,Πηγιανός_Κάμπος_Ρεθύμνης,GRBW139318088101, Μέσον ακτής,20/8/2021,10:44:00,20/8/2021,21/8/2021,0,0,OXI,OXI,OXI,OXI,OXI,Ελαφρά Κυματώδης,BΔ,ΌΧΙ,ΌΧΙ
ΡΕΘΥΜΝΟΥ,Μυλοποτάμου,Πάνορμο_–_Λίμνη_Μυλοποτάμου,GRBW139317081101, 35 μ. από το βόρειο άκρο της ακτής,20/8/2021,11:15:00,20/8/2021,21/8/2021,2,6,OXI,OXI,OXI,OXI,OXI,Ήρεμη,BΔ,ΌΧΙ,ΌΧΙ
ΡΕΘΥΜΝΟΥ,Μυλοποτάμου,Πάνορμο_Μυλοποτάμου,GRBW139317078101, 30 μ. από το βορειοδυτικό άκρο της ακτής,20/8/2021,11:34:00,20/8/2021,21/8/2021,0,0,OXI,OXI,OXI,OXI,OXI,Ήρεμη,BΔ,ΌΧΙ,ΌΧΙ
ΡΕΘΥΜΝΟΥ,Μυλοποτάμου,Βαρκότοπος_Μυλοποτάμου,GRBW139317080101, 40 μ. από το βόρειο άκρο της ακτής,20/8/2021,12:07:00,20/8/2021,21/8/2021,4,0,OXI,OXI,OXI,OXI,OXI,Ήρεμη,BΔ,ΌΧΙ,ΌΧΙ
ΡΕΘΥΜΝΟΥ,Μυλοποτάμου,Μπαλί_–_Λιβάδι_Μυλοποτάμου,GRBW139317082101, 120 μ. από το βορειοδυτικό άκρο της ακτής,20/8/2021,12:17:00,20/8/2021,21/8/2021,0,0,OXI,OXI,OXI,OXI,OXI,Ήρεμη,BΔ,ΌΧΙ,ΌΧΙ
ΡΕΘΥΜΝΟΥ,Μυλοποτάμου,Παραλία_Λιανού_Κάβου_Λαύρις_Μυλοποτάμου,GRBW139317079101, Μέσον ακτής,20/8/2021,12:43:00,20/8/2021,21/8/2021,4,2,OXI,OXI,OXI,OXI,OXI,Ήρεμη,BΔ,ΌΧΙ,ΌΧΙ
ΡΕΘΥΜΝΟΥ,Ρεθύμνης,Σκαλέτα_Ρεθύμνης,GRBW139318087101, 80 μ. από το δυτικό άκρο της ακτής,20/8/2021,13:08:00,20/8/2021,21/8/2021,2,0,OXI,OXI,OXI,OXI,OXI,Ελαφρά Κυματώδης,BΔ,ΌΧΙ,ΌΧΙ
ΗΡΑΚΛΕΙΟΥ,Μαλεβιζίου,Φόδελε_Μαλεβιζίου,GRBW139306070101, 110 μ. από το δυτικό άκρο της ακτής,20/8/2021,08:13:00,20/8/2021,21/8/2021,0,0,OXI,OXI,OXI,OXI,OXI,Ήρεμη,BΔ,ΌΧΙ,ΌΧΙ
ΗΡΑΚΛΕΙΟΥ,Μαλεβιζίου,Μονοναύτης_Μαλεβιζίου,GRBW139306077101, 60 μ. από το βόρειο άκρο της ακτής,20/8/2021,08:40:00,20/8/2021,21/8/2021,0,0,OXI,OXI,OXI,OXI,OXI,Ήρεμη,BΔ,ΌΧΙ,ΌΧΙ
ΗΡΑΚΛΕΙΟΥ,Μαλεβιζίου,Κλαδισσός_Μαλεβιζίου,GRBW139306074101, 45 μ. από το βόρειο άκρο της ακτής,20/8/2021,08:55:00,20/8/2021,21/8/2021,2,0,OXI,OXI,OXI,OXI,OXI,Ήρεμη,BΔ,ΌΧΙ,ΌΧΙ
ΗΡΑΚΛΕΙΟΥ,Μαλεβιζίου,Αγία_Πελαγία_Μαλεβιζίου,GRBW139306072101, Μέσον ακτής,20/8/2021,09:10:00,20/8/2021,21/8/2021,0,0,OXI,OXI,OXI,OXI,OXI,Ήρεμη,BΔ,ΌΧΙ,ΌΧΙ
ΗΡΑΚΛΕΙΟΥ,Μαλεβιζίου,Λυγαριά_Μαλεβιζίου,GRBW139306071101, 150 μ. από το ανατολικό άκρο της ακτής,20/8/2021,09:24:00,20/8/2021,21/8/2021,4,2,OXI,OXI,OXI,OXI,OXI,Ήρεμη,BΔ,ΌΧΙ,ΌΧΙ
ΗΡΑΚΛΕΙΟΥ,Μαλεβιζίου,Μαδέ_Μαλεβιζίου,GRBW139306073101, Μέσον ακτής,20/8/2021,09:35:00,20/8/2021,21/8/2021,0,0,OXI,OXI,OXI,OXI,OXI,Ήρεμη,BΔ,ΌΧΙ,ΌΧΙ
ΗΡΑΚΛΕΙΟΥ,Μαλεβιζίου,Παλαιόκαστρο_Μαλεβιζίου,GRBW139306076101, Μέσον ακτής,20/8/2021,09:49:00,20/8/2021,21/8/2021,2,0,OXI,OXI,OXI,OXI,OXI,Ήρεμη,BΔ,ΌΧΙ,ΌΧΙ
ΗΡΑΚΛΕΙΟΥ,Μαλεβιζίου,Λινοπεράματα_Μαλεβιζίου,GRBW139306069101, 195 μ. από το ανατολικό άκρο της ακτής,20/8/2021,10:12:00,20/8/2021,21/8/2021,4,6,OXI,OXI,OXI,OXI,OXI,Ελαφρά Κυματώδης,BΔ,ΌΧΙ,ΌΧΙ
ΗΡΑΚΛΕΙΟΥ,Μαλεβιζίου,Αμμουδάρα_Μαλεβιζίου,GRBW139306075101, 1300 μ. από το δυτικό άκρο της ακτής,20/8/2021,10:27:00,20/8/2021,21/8/2021,4,6,OXI,OXI,OXI,OXI,OXI,Ελαφρά Κυματώδης,BΔ,ΌΧΙ,ΌΧΙ
ΗΡΑΚΛΕΙΟΥ,Ηρακλείου,Καρτερός_Ηρακλείου,GRBW139305044101, 240 μ. από το δυτικό άκρο της ακτής,20/8/2021,11:05:00,20/8/2021,21/8/2021,0,0,OXI,OXI,OXI,OXI,OXI,Ελαφρά Κυματώδης,BΔ,ΌΧΙ,ΌΧΙ
ΗΡΑΚΛΕΙΟΥ,Χερσονήσου,Αμνισσός_Χερσονήσου,GRBW139309121101, 560 μ. από το ανατολικό άκρο της ακτής,20/8/2021,11:23:00,20/8/2021,21/8/2021,0,0,OXI,OXI,OXI,OXI,OXI,Ελαφρά Κυματώδης,BΔ,ΌΧΙ,ΌΧΙ
ΗΡΑΚΛΕΙΟΥ,Χερσονήσου,Εσταυρωμένος_Χερσονήσου,GRBW139309123101, Ανατολικό άκρο της ακτής,20/8/2021,11:37:00,20/8/2021,21/8/2021,0,0,OXI,OXI,OXI,OXI,OXI,Ελαφρά Κυματώδης,BΔ,ΌΧΙ,ΌΧΙ
ΗΡΑΚΛΕΙΟΥ,Χερσονήσου,Κοκκίνη_Χάνι_1_Χερσονήσου,GRBW139309142101, 60 μ. από το δυτικό άκρο της ακτής,20/8/2021,11:47:00,20/8/2021,21/8/2021,2,0,OXI,OXI,OXI,OXI,OXI,Ελαφρά Κυματώδης,BΔ,ΌΧΙ,ΌΧΙ
ΗΡΑΚΛΕΙΟΥ,Χερσονήσου,Κοκκίνη_Χάνι_2_Χερσονήσου,GRBW139309128101, 25 μ. από το δυτικό άκρο της ακτής,20/8/2021,11:58:00,20/8/2021,21/8/2021,4,0,OXI,OXI,OXI,OXI,OXI,Ελαφρά Κυματώδης,BΔ,ΌΧΙ,ΌΧΙ
ΗΡΑΚΛΕΙΟΥ,Χερσονήσου,Γούβες_1_Χερσονήσου,GRBW139309140101, Μέσον ακτής,20/8/2021,12:20:00,20/8/2021,21/8/2021,0,0,OXI,OXI,OXI,OXI,OXI,Ελαφρά Κυματώδης,BΔ,ΌΧΙ,ΌΧΙ
ΗΡΑΚΛΕΙΟΥ,Χερσονήσου,Γούβες_3_Χερσονήσου,GRBW139309129101, Μέσον ακτής,20/8/2021,12:27:00,20/8/2021,21/8/2021,0,0,OXI,OXI,OXI,OXI,OXI,Ήρεμη,BΔ,ΌΧΙ,ΌΧΙ
ΗΡΑΚΛΕΙΟΥ,Χερσονήσου,Γούβες_2_Χερσονήσου,GRBW139309136101, Μέσον ακτής,20/8/2021,12:36:00,20/8/2021,21/8/2021,0,0,OXI,OXI,OXI,OXI,OXI,Ήρεμη,BΔ,ΌΧΙ,ΌΧΙ
ΗΡΑΚΛΕΙΟΥ,Χερσονήσου,Κάτω_Γούβες_Χερσονήσου,GRBW139309139101, Μέσον ακτής,20/8/2021,12:45:00,20/8/2021,21/8/2021,0,0,OXI,OXI,OXI,OXI,OXI,Ήρεμη,BΔ,ΌΧΙ,ΌΧΙ
