Region,Municipal,Coast,StationCode,Description,SampleDate,SampleTime,DeliveryDate,AnalyseDate,Intenterococci,Ecoli,Tar,Glass,Plastic,Caoutchouc,Garbage,Wave,Airdirection,Rainfail,Yestrainfail,Other
Κρήτη,Χανίων,Αγία Μαρίνα 1,GRBW139325123101,140 μ. από το νοτιοδυτικό άκρο της ακτής,26/5/2016,1:45 μμ,26/5/2016,27/5/2016,<1,<1,ΟΧΙ,ΟΧΙ,ΟΧΙ,ΟΧΙ,ΟΧΙ,ΗΡΕΜΗ,ΒΔ,ΌΧΙ,ΌΧΙ,
Κρήτη,Χανίων,Αγία Μαρίνα 2,GRBW139325122101,90 μ. από το δυτικό άκρο της ακτής,26/5/2016,1:20 μμ,26/5/2016,27/5/2016,<1,<1,ΟΧΙ,ΟΧΙ,ΟΧΙ,ΟΧΙ,ΟΧΙ,ΗΡΕΜΗ,ΒΔ,ΌΧΙ,ΌΧΙ,
Κρήτη,Χανίων,Αγία Μαρίνα 3,GRBW139325121101,420 μ. από το ανατολικό άκρο της ακτής,26/5/2016,2:15 μμ,26/5/2016,27/5/2016,<1,<1,ΟΧΙ,ΟΧΙ,ΟΧΙ,ΟΧΙ,ΟΧΙ,ΗΡΕΜΗ,ΒΔ,ΌΧΙ,ΌΧΙ,
Κρήτη,Χανίων,Βλήτες,GRBW139325120101,Μέσον ακτής,26/5/2016,9:15 πμ,26/5/2016,27/5/2016,22.00,56.00,ΟΧΙ,ΟΧΙ,ΟΧΙ,ΟΧΙ,ΟΧΙ,ΗΡΕΜΗ,ΒΔ,ΌΧΙ,ΌΧΙ,
Κρήτη,Χανίων,Λουτράκι (Ακρωτήρι),GRBW139325125101,Μέσον ακτής,26/5/2016,9:51 πμ,26/5/2016,27/5/2016,<1,<1,ΟΧΙ,ΟΧΙ,ΟΧΙ,ΟΧΙ,ΟΧΙ,ΗΡΕΜΗ,ΒΔ,ΌΧΙ,ΌΧΙ,
Κρήτη,Χανίων,Μαράθι,GRBW139325115101,60 μ. από το ανατολικό άκρο της ακτής,26/5/2016,9:59 πμ,26/5/2016,27/5/2016,5.00,8.00,ΟΧΙ,ΟΧΙ,ΟΧΙ,ΟΧΙ,ΟΧΙ,ΗΡΕΜΗ,ΒΔ,ΌΧΙ,ΌΧΙ,
Κρήτη,Χανίων,Άγιος Ονούφριος,GRBW139325111101,30 μ. από το νότιο άκρο της ακτής,26/5/2016,9:59 πμ,26/5/2016,27/5/2016,12.00,20.00,ΟΧΙ,ΟΧΙ,ΟΧΙ,ΟΧΙ,ΟΧΙ,ΗΡΕΜΗ,ΒΔ,ΌΧΙ,ΌΧΙ,
Κρήτη,Χανίων,Καλαθάς,GRBW139325113101,Μέσον ακτής,26/5/2016,10:43 πμ,26/5/2016,27/5/2016,<1,5.00,ΟΧΙ,ΟΧΙ,ΟΧΙ,ΟΧΙ,ΟΧΙ,ΗΡΕΜΗ,ΒΔ,ΌΧΙ,ΌΧΙ,
Κρήτη,Χανίων,Σταυρός (Χανίων),GRBW139325114101,200 μ. από το βόρειο άκρο της ακτής,26/5/2016,10:55 πμ,26/5/2016,27/5/2016,<1,<1,ΟΧΙ,ΟΧΙ,ΟΧΙ,ΟΧΙ,ΟΧΙ,ΗΡΕΜΗ,ΒΔ,ΌΧΙ,ΌΧΙ,
Κρήτη,Χανίων,Κουμ Καπί,GRBW139325117101,100 μ. από το ανατολικό άκρο της ακτής,26/5/2016,11:32 πμ,26/5/2016,27/5/2016,7.00,28.00,ΟΧΙ,ΟΧΙ,ΟΧΙ,ΟΧΙ,ΟΧΙ,ΗΡΕΜΗ,ΒΔ,ΌΧΙ,ΌΧΙ,
Κρήτη,Χανίων,Νέα Χώρα,GRBW139325112101,200 μ. από το βορειοανατολικό άκρο της ακτής,26/5/2016,11:51 πμ,26/5/2016,27/5/2016,1.00,3.00,ΟΧΙ,ΟΧΙ,ΟΧΙ,ΟΧΙ,ΟΧΙ,ΗΡΕΜΗ,ΒΔ,ΌΧΙ,ΌΧΙ,
Κρήτη,Χανίων,Χρυσή Ακτή,GRBW139325108101,Μέσον ακτής,26/5/2016,12:08 μμ,26/5/2016,27/5/2016,<1,<1,ΟΧΙ,ΟΧΙ,ΟΧΙ,ΟΧΙ,ΟΧΙ,ΗΡΕΜΗ,ΒΔ,ΌΧΙ,ΌΧΙ,
Κρήτη,Χανίων,Άγιοι Απόστολοι – ΕΟΤ Ανατολικά,GRBW139325118101,Μέσον ακτής,26/5/2016,12:14 μμ,26/5/2016,27/5/2016,<1,<1,ΟΧΙ,ΟΧΙ,ΟΧΙ,ΟΧΙ,ΟΧΙ,ΗΡΕΜΗ,ΒΔ,ΌΧΙ,ΌΧΙ,
Κρήτη,Χανίων,Άγιοι Απόστολοι – ΕΟΤ Δυτικά,GRBW139325109101,Μέσον ακτής,26/5/2016,12:20 μμ,26/5/2016,27/5/2016,<1,<1,ΟΧΙ,ΟΧΙ,ΟΧΙ,ΟΧΙ,ΟΧΙ,ΗΡΕΜΗ,ΒΔ,ΌΧΙ,ΌΧΙ,
Κρήτη,Χανίων,Καλαμάκι,GRBW139325116101,70 μ. από το βορειοδυτικό άκρο της ακτής,26/5/2016,12:30 μμ,26/5/2016,27/5/2016,<1,2.00,ΟΧΙ,ΟΧΙ,ΟΧΙ,ΟΧΙ,ΟΧΙ,ΗΡΕΜΗ,ΒΔ,ΌΧΙ,ΌΧΙ,
Κρήτη,Χανίων,Αγία Μαρίνα – Στάλος,GRBW139325110101,320 μ. από το δυτικό άκρο της ακτής,26/5/2016,12:49 μμ,26/5/2016,27/5/2016,<1,<1,ΟΧΙ,ΟΧΙ,ΟΧΙ,ΟΧΙ,ΟΧΙ,ΗΡΕΜΗ,ΒΔ,ΌΧΙ,ΌΧΙ,
Κρήτη,Αγίου_Νικολάου,Κιτροπλατεία,GRBW139310017101,30 μ. από το νοτιοδυτικό άκρο της ακτής,26/5/2016,8:06 πμ,26/5/2016,27/5/2016,28.00,102.00,ΟΧΙ,ΟΧΙ,ΟΧΙ,ΟΧΙ,ΟΧΙ,ΗΡΕΜΗ,ΒΔ,ΌΧΙ,ΌΧΙ,
Κρήτη,Αγίου_Νικολάου,Αμμούδι,GRBW139310014101,30 μ. από το νότιο άκρο της ακτής,26/5/2016,8:16 πμ,26/5/2016,27/5/2016,6.00,14.00,ΟΧΙ,ΟΧΙ,ΟΧΙ,ΟΧΙ,ΟΧΙ,ΗΡΕΜΗ,ΒΔ,ΌΧΙ,ΌΧΙ,
Κρήτη,Αγίου_Νικολάου,Άμμος (Μαρίνα),GRBW139310008101,Μέσον ακτής,26/5/2016,8:31 πμ,26/5/2016,27/5/2016,2.00,4.00,ΟΧΙ,ΟΧΙ,ΟΧΙ,ΟΧΙ,ΟΧΙ,ΗΡΕΜΗ,ΒΔ,ΌΧΙ,ΌΧΙ,
Κρήτη,Αγίου_Νικολάου,Άμμος (Αγίου Νικολάου),GRBW139310012101,30 μ. από το βορειοανατολικό άκρο της ακτής,26/5/2016,8:41 πμ,26/5/2016,27/5/2016,<1,<1,ΟΧΙ,ΟΧΙ,ΟΧΙ,ΟΧΙ,ΟΧΙ,ΗΡΕΜΗ,ΒΔ,ΌΧΙ,ΌΧΙ,
Κρήτη,Αγίου_Νικολάου,Γαργαδωρός,GRBW139310031101,20 μ. από το βορειοανατολικό άκρο της ακτής,26/5/2016,8:50 πμ,26/5/2016,27/5/2016,2.00,6.00,ΟΧΙ,ΟΧΙ,ΟΧΙ,ΟΧΙ,ΟΧΙ,ΗΡΕΜΗ,ΒΔ,ΌΧΙ,ΌΧΙ,
Κρήτη,Αγίου_Νικολάου,Αλμυρός,GRBW139310021101,Μέσον ακτής,26/5/2016,9:03 πμ,26/5/2016,27/5/2016,<1,<1,ΟΧΙ,ΟΧΙ,ΟΧΙ,ΟΧΙ,ΟΧΙ,ΗΡΕΜΗ,ΒΔ,ΌΧΙ,ΌΧΙ,
Κρήτη,Αγίου_Νικολάου,Αμμουδάρα,GRBW139310015101,Μέσον ακτής,26/5/2016,9:12 πμ,26/5/2016,27/5/2016,15.00,62.00,ΟΧΙ,ΟΧΙ,ΟΧΙ,ΟΧΙ,ΟΧΙ,ΗΡΕΜΗ,ΒΔ,ΌΧΙ,ΌΧΙ,
Κρήτη,Αγίου_Νικολάου,Καραβοστάσι (Αγίου Νικολάου),GRBW139310034101,70 μ. από το βορειοδυτικό άκρο της ακτής. Έναντι πρόσβασης,26/5/2016,9:28 πμ,26/5/2016,27/5/2016,<1,<1,ΟΧΙ,ΟΧΙ,ΟΧΙ,ΟΧΙ,ΟΧΙ,ΕΛΑΦΡΑ ΚΥΜΑΤΩΔΗΣ,ΒΔ,ΌΧΙ,ΌΧΙ,
Κρήτη,Αγίου_Νικολάου,Άγιος Παντελεήμων,GRBW139310037101,215 μ. από το ανατολικό άκρο της ακτής,26/5/2016,9:49 πμ,26/5/2016,27/5/2016,4.00,16.00,ΟΧΙ,ΟΧΙ,ΟΧΙ,ΟΧΙ,ΟΧΙ,ΕΛΑΦΡΑ ΚΥΜΑΤΩΔΗΣ,ΒΔ,ΌΧΙ,ΌΧΙ,
Κρήτη,Αγίου_Νικολάου,Βούλισμα,GRBW139310018101,Μέσον ακτής,26/5/2016,10:03 πμ,26/5/2016,27/5/2016,<1,<1,ΟΧΙ,ΟΧΙ,ΟΧΙ,ΟΧΙ,ΟΧΙ,ΕΛΑΦΡΑ ΚΥΜΑΤΩΔΗΣ,ΒΔ,ΌΧΙ,ΌΧΙ,
Κρήτη,Αγίου_Νικολάου,Καλό Χωριό,GRBW139310030101,100 μ. από το ανατολικό άκρο της ακτής,26/5/2016,10:17 πμ,26/5/2016,27/5/2016,<1,<1,ΟΧΙ,ΟΧΙ,ΟΧΙ,ΟΧΙ,ΟΧΙ,ΗΡΕΜΗ,ΒΔ,ΌΧΙ,ΌΧΙ,
Κρήτη,Σητείας,Μόχλος - Ξεροστέρνια,GRBW139313101101,Μέσον ακτής,26/5/2016,11:00 πμ,26/5/2016,27/5/2016,<1,<1,ΟΧΙ,ΟΧΙ,ΟΧΙ,ΟΧΙ,ΟΧΙ,ΗΡΕΜΗ,ΒΔ,ΌΧΙ,ΌΧΙ,
Κρήτη,Σητείας,Παπαδιόκαμπος,GRBW139313094101,40 μ. από το βορειοδυτικό άκρο της ακτής,26/5/2016,12:04 μμ,26/5/2016,27/5/2016,<1,<1,ΟΧΙ,ΟΧΙ,ΝΑΙ,ΟΧΙ,ΝΑΙ,ΕΛΑΦΡΑ ΚΥΜΑΤΩΔΗΣ,ΒΔ,ΌΧΙ,ΌΧΙ,
Κρήτη,Σητείας,Σήτεια,GRBW139313102101,Βορειοδυτικό άκρο ακτής,26/5/2016,12:32 μμ,26/5/2016,27/5/2016,<1,<1,ΟΧΙ,ΟΧΙ,ΟΧΙ,ΟΧΙ,ΟΧΙ,ΗΡΕΜΗ,ΒΔ,ΌΧΙ,ΌΧΙ,
Κρήτη,Σητείας,Ανάλουκας,GRBW139313095101,70 μ. από το δυτικό άκρο της ακτής,26/5/2016,12:50 μμ,26/5/2016,27/5/2016,<1,<1,ΟΧΙ,ΝΑΙ,ΝΑΙ,ΝΑΙ,ΝΑΙ,ΕΛΑΦΡΑ ΚΥΜΑΤΩΔΗΣ,ΒΔ,ΌΧΙ,ΌΧΙ,
Κρήτη,Σητείας,Βάι – Φοινικόδασος,GRBW139313100101,Νότιο άκρο ακτής,26/5/2016,1:14 μμ,26/5/2016,27/5/2016,<1,<1,ΟΧΙ,ΟΧΙ,ΟΧΙ,ΟΧΙ,ΟΧΙ,ΗΡΕΜΗ,ΒΔ,ΌΧΙ,ΌΧΙ,
Κρήτη,Σητείας,Κουρεμένος,GRBW139313099101,430 μ. από το βόρειο άκρο της ακτής,26/5/2016,1:30 μμ,26/5/2016,27/5/2016,<1,<1,ΟΧΙ,ΟΧΙ,ΟΧΙ,ΟΧΙ,ΟΧΙ,ΗΡΕΜΗ,ΒΔ,ΌΧΙ,ΌΧΙ,
Κρήτη,Σητείας,Χιώνα,GRBW139313097101,Μέσον ακτής,26/5/2016,1:41 μμ,26/5/2016,27/5/2016,<1,<1,ΟΧΙ,ΟΧΙ,ΟΧΙ,ΟΧΙ,ΟΧΙ,ΗΡΕΜΗ,ΒΔ,ΌΧΙ,ΌΧΙ,
Κρήτη,Σητείας,Κάτω Ζάκρος,GRBW139313098101,Μέσον ακτής,26/5/2016,2:23 μμ,26/5/2016,27/5/2016,<1,<1,ΟΧΙ,ΟΧΙ,ΟΧΙ,ΟΧΙ,ΟΧΙ,ΗΡΕΜΗ,ΒΔ,ΌΧΙ,ΌΧΙ,
Κρήτη,Σητείας,Βούρλια,GRBW139313093101,70 μ. από το βόρειο άκρο της ακτής,26/5/2016,2:48 μμ,26/5/2016,27/5/2016,<1,<1,ΟΧΙ,ΟΧΙ,ΟΧΙ,ΟΧΙ,ΟΧΙ,ΗΡΕΜΗ,ΒΔ,ΌΧΙ,ΌΧΙ,
Κρήτη,Ρεθύμνης,Επισκοπή 1,GRBW139318089101,Μέσον ακτής,27/5/2016,8:38 πμ,27/5/2016,28/5/2016,<1,<1,ΟΧΙ,ΟΧΙ,ΟΧΙ,ΟΧΙ,ΟΧΙ,ΗΡΕΜΗ,Β,ΌΧΙ,ΌΧΙ,
Κρήτη,Αποκορώνου,Καβρός,GRBW139319041101,1670 μ. από το ανατολικό άκρο της ακτής.,27/5/2016,8:48 πμ,27/5/2016,28/5/2016,18.00,46.00,ΟΧΙ,ΟΧΙ,ΟΧΙ,ΟΧΙ,ΟΧΙ,ΗΡΕΜΗ,Β,ΌΧΙ,ΌΧΙ,
Κρήτη,Αποκορώνου,Γεωργιούπολη,GRBW139319039101,Μέσον ακτής,27/5/2016,8:59 πμ,27/5/2016,28/5/2016,7800.00,15000.00,ΟΧΙ,ΟΧΙ,ΟΧΙ,ΟΧΙ,ΟΧΙ,ΗΡΕΜΗ,Β,ΌΧΙ,ΌΧΙ,
Κρήτη,Αποκορώνου,Αλμυρίδα,GRBW139319038101,Μέσον ακτής,27/5/2016,8:59 πμ,27/5/2016,28/5/2016,2.00,5.00,ΟΧΙ,ΟΧΙ,ΟΧΙ,ΟΧΙ,ΟΧΙ,ΗΡΕΜΗ,Β,ΌΧΙ,ΌΧΙ,
Κρήτη,Αποκορώνου,Καλύβες,GRBW139319040101,200 μ. από το ανατολικό άκρο της ακτής,27/5/2016,9:50 πμ,27/5/2016,28/5/2016,16.00,38.00,ΟΧΙ,ΟΧΙ,ΟΧΙ,ΟΧΙ,ΟΧΙ,ΗΡΕΜΗ,Β,ΌΧΙ,ΌΧΙ,
Κρήτη,Αποκορώνου,Κυανή Ακτή,GRBW139319037101,600 μ. από το βορειοδυτικό άκρο της ακτής,27/5/2016,10:08 πμ,27/5/2016,28/5/2016,12.00,25.00,ΟΧΙ,ΟΧΙ,ΟΧΙ,ΟΧΙ,ΟΧΙ,ΗΡΕΜΗ,Β,ΌΧΙ,ΌΧΙ,
Κρήτη,Σφακίων,Ομπρός Γιαλός,GRBW139324103101,Μέσον ακτής,27/5/2016,11:58 πμ,27/5/2016,28/5/2016,<1,<1,ΟΧΙ,ΟΧΙ,ΟΧΙ,ΟΧΙ,ΟΧΙ,ΗΡΕΜΗ,Β,ΌΧΙ,ΌΧΙ,
Κρήτη,Σφακίων,Ίλιγγας,GRBW139324104101,Μέσον ακτής,27/5/2016,12:08 μμ,27/5/2016,28/5/2016,<1,<1,ΟΧΙ,ΟΧΙ,ΟΧΙ,ΟΧΙ,ΟΧΙ,ΗΡΕΜΗ,Β,ΌΧΙ,ΌΧΙ,
Κρήτη,Ιεράπετρας,Παχειά Άμμος,GRBW139311057101,90 μ. από το βορειοδυτικό άκρο της ακτής,27/5/2016,8:07 πμ,27/5/2016,28/5/2016,4.00,12.00,ΟΧΙ,ΟΧΙ,ΝΑΙ,ΟΧΙ,ΝΑΙ,ΗΡΕΜΗ,ΒΔ,ΌΧΙ,ΌΧΙ,
Κρήτη,Ιεράπετρας,Ιεράπετρα Δημοτική Πλαζ,GRBW139311047101,100 μ. από το βορειοανατολικό άκρο της ακτής,27/5/2016,8:33 πμ,27/5/2016,28/5/2016,<1,<1,ΟΧΙ,ΟΧΙ,ΟΧΙ,ΟΧΙ,ΟΧΙ,ΗΡΕΜΗ,ΒΔ,ΌΧΙ,ΌΧΙ,
Κρήτη,Ιεράπετρας,Ιεράπετρα 3,GRBW139311056101,Δυτικό άκρο ακτής,27/5/2016,8:42 πμ,27/5/2016,28/5/2016,2.00,5.00,ΟΧΙ,ΟΧΙ,ΟΧΙ,ΟΧΙ,ΟΧΙ,ΗΡΕΜΗ,ΒΔ,ΌΧΙ,ΌΧΙ,
Κρήτη,Ιεράπετρας,Ιεράπετρα,GRBW139311052101,740 μ. από το βορειοδυτικό άκρο της ακτής.,27/5/2016,8:53 πμ,27/5/2016,28/5/2016,<1,<1,ΟΧΙ,ΟΧΙ,ΟΧΙ,ΟΧΙ,ΟΧΙ,ΗΡΕΜΗ,ΒΔ,ΌΧΙ,ΌΧΙ,
Κρήτη,Ιεράπετρας,Καθαράδες,GRBW139311045101,Μέσον ακτής,27/5/2016,9:11 πμ,27/5/2016,28/5/2016,5.00,22.00,ΟΧΙ,ΟΧΙ,ΟΧΙ,ΟΧΙ,ΟΧΙ,ΗΡΕΜΗ,ΒΔ,ΌΧΙ,ΌΧΙ,
Κρήτη,Ιεράπετρας,Άγιος Ιωάννης (Ιεράπετρας),GRBW139311046101,480 μ. από το ανατολικό άκρο της ακτής,27/5/2016,9:30 πμ,27/5/2016,28/5/2016,<1,<1,ΟΧΙ,ΟΧΙ,ΟΧΙ,ΟΧΙ,ΟΧΙ,ΗΡΕΜΗ,ΒΔ,ΌΧΙ,ΌΧΙ,
Κρήτη,Ιεράπετρας,Κουτσουνάρι,GRBW139311060101,Μέσον ακτής,27/5/2016,9:45 πμ,27/5/2016,28/5/2016,<1,<1,ΟΧΙ,ΟΧΙ,ΟΧΙ,ΟΧΙ,ΟΧΙ,ΗΡΕΜΗ,ΒΔ,ΌΧΙ,ΌΧΙ,
Κρήτη,Ιεράπετρας,Φέρμα,GRBW139311051101,50 μ. από το δυτικό άκρο της ακτής,27/5/2016,10:00 πμ,27/5/2016,28/5/2016,<1,<1,ΟΧΙ,ΟΧΙ,ΟΧΙ,ΟΧΙ,ΟΧΙ,ΗΡΕΜΗ,ΒΔ,ΌΧΙ,ΌΧΙ,
Κρήτη,Ιεράπετρας,Αγιά Φωτιά,GRBW139311055101,Μέσον ακτής,27/5/2016,10:17 πμ,27/5/2016,28/5/2016,<1,2.00,ΟΧΙ,ΟΧΙ,ΟΧΙ,ΟΧΙ,ΟΧΙ,ΗΡΕΜΗ,ΒΔ,ΌΧΙ,ΌΧΙ,
Κρήτη,Ιεράπετρας,Αχλιά Σχινοκαψάλων,GRBW139311050101,Μέσον ακτής,27/5/2016,10:28 πμ,27/5/2016,28/5/2016,<1,<1,ΟΧΙ,ΟΧΙ,ΟΧΙ,ΟΧΙ,ΟΧΙ,ΗΡΕΜΗ,ΒΔ,ΌΧΙ,ΌΧΙ,
Κρήτη,Ιεράπετρας,Άγιος Παντελεήμων (Ιεράπετρας),GRBW139310029101,40 μ. από το βορειοδυτικό άκρο της ακτής,27/5/2016,10:37 πμ,27/5/2016,28/5/2016,<1,4.00,ΟΧΙ,ΟΧΙ,ΟΧΙ,ΟΧΙ,ΟΧΙ,ΗΡΕΜΗ,ΒΔ,ΌΧΙ,ΌΧΙ,
Κρήτη,Ιεράπετρας,Κοινοτική Πλαζ Μακρυγιαλού,GRBW139311054101,150 μ. από το βορειοανατολικό άκρο της ακτής,27/5/2016,10:37 πμ,27/5/2016,28/5/2016,<1,<1,ΟΧΙ,ΟΧΙ,ΟΧΙ,ΟΧΙ,ΟΧΙ,ΗΡΕΜΗ,ΒΔ,ΌΧΙ,ΌΧΙ,
Κρήτη,Ιεράπετρας,Ανάληψη,GRBW139311053101,Μέσον ακτής,27/5/2016,11:07 πμ,27/5/2016,28/5/2016,<1,<1,ΟΧΙ,ΟΧΙ,ΟΧΙ,ΟΧΙ,ΟΧΙ,ΗΡΕΜΗ,ΒΔ,ΌΧΙ,ΌΧΙ,
Κρήτη,Ιεράπετρας,Λαγκούφα,GRBW139311048101,Μέσον ακτής,27/5/2016,11:19 πμ,27/5/2016,28/5/2016,<1,<1,ΟΧΙ,ΟΧΙ,ΟΧΙ,ΟΧΙ,ΟΧΙ,ΗΡΕΜΗ,ΒΔ,ΌΧΙ,ΌΧΙ,
Κρήτη,Ιεράπετρας,Διασκάρι,GRBW139311058101,80 μ. από το βορειοδυτικό άκρο της ακτής,27/5/2016,11:53 πμ,27/5/2016,28/5/2016,<1,<1,ΟΧΙ,ΟΧΙ,ΟΧΙ,ΟΧΙ,ΟΧΙ,ΗΡΕΜΗ,ΒΔ,ΌΧΙ,ΌΧΙ,
Κρήτη,Σητείας,Λιμανάκι - Γούδουρα,GRBW139313096101,140 μ. από το νοτιοανατολικό άκρο της ακτής,27/5/2016,12:17 μμ,27/5/2016,28/5/2016,<1,<1,ΟΧΙ,ΟΧΙ,ΟΧΙ,ΟΧΙ,ΟΧΙ,ΗΡΕΜΗ,ΒΔ,ΌΧΙ,ΌΧΙ,
Κρήτη,Ιεράπετρας,Μύρτος,GRBW139311049101,Μέσον ακτής,27/5/2016,1:33 μμ,27/5/2016,28/5/2016,<1,<1,ΟΧΙ,ΟΧΙ,ΟΧΙ,ΟΧΙ,ΟΧΙ,ΗΡΕΜΗ,ΒΔ,ΌΧΙ,ΌΧΙ,
Κρήτη,Ιεράπετρας,Χρυσή – Γαϊδουρονήσι,GRBW139311059101,340 μ. από το δυτικό άκρο της ακτής,27/5/2016,3:27 μμ,27/5/2016,28/5/2016,<1,<1,ΟΧΙ,ΟΧΙ,ΟΧΙ,ΟΧΙ,ΟΧΙ,ΗΡΕΜΗ,ΒΔ,ΌΧΙ,ΌΧΙ,
Κρήτη,Ρεθύμνης,Ρέθυμνο,GRBW139318090101,500 μ. από το δυτικό άκρο της ακτής,28/5/2016,8:47 πμ,28/5/2016,29/5/2016,<1,<1,ΟΧΙ,ΟΧΙ,ΟΧΙ,ΟΧΙ,ΟΧΙ,ΗΡΕΜΗ,Β,ΌΧΙ,ΌΧΙ,
Κρήτη,Ρεθύμνης,Κούμπες,GRBW139318092101,Μέσον ακτής,28/5/2016,9:23 πμ,28/5/2016,29/5/2016,2.00,8.00,ΟΧΙ,ΟΧΙ,ΟΧΙ,ΟΧΙ,ΟΧΙ,ΗΡΕΜΗ,Β,ΌΧΙ,ΌΧΙ,
Κρήτη,Ρεθύμνης,Αρκάδι,GRBW139318091101,Μέσον ακτής,28/5/2016,10:16 πμ,28/5/2016,29/5/2016,3.00,5.00,ΟΧΙ,ΟΧΙ,ΟΧΙ,ΟΧΙ,ΟΧΙ,ΗΡΕΜΗ,Β,ΌΧΙ,ΌΧΙ,
Κρήτη,Ρεθύμνης,Πηγιανός Κάμπος,GRBW139318088101,Μέσον ακτής,28/5/2016,10:31 πμ,28/5/2016,29/5/2016,<1,<1,ΟΧΙ,ΟΧΙ,ΟΧΙ,ΟΧΙ,ΟΧΙ,ΗΡΕΜΗ,Β,ΌΧΙ,ΌΧΙ,
Κρήτη,Μυλοποτάμου,Πάνορμο – Λίμνη,GRBW139317081101,35 μ. από το βόρειο άκρο της ακτής,28/5/2016,10:55 πμ,28/5/2016,29/5/2016,<1,2.00,ΟΧΙ,ΟΧΙ,ΟΧΙ,ΟΧΙ,ΟΧΙ,ΗΡΕΜΗ,Β,ΌΧΙ,ΌΧΙ,
Κρήτη,Μυλοποτάμου,Πάνορμο (Μυλοποτάμου),GRBW139317078101,30 μ. από το βορειοδυτικό άκρο της ακτής,28/5/2016,11:02 πμ,28/5/2016,29/5/2016,5.00,12.00,ΟΧΙ,ΟΧΙ,ΟΧΙ,ΟΧΙ,ΟΧΙ,ΗΡΕΜΗ,Β,ΌΧΙ,ΌΧΙ,
Κρήτη,Μυλοποτάμου,Βαρκότοπος,GRBW139317080101,40 μ. από το βόρειο άκρο της ακτής,28/5/2016,11:19 πμ,28/5/2016,29/5/2016,2.00,6.00,ΟΧΙ,ΟΧΙ,ΟΧΙ,ΟΧΙ,ΟΧΙ,ΗΡΕΜΗ,Β,ΌΧΙ,ΌΧΙ,
Κρήτη,Μυλοποτάμου,Μπαλί – Λιβάδι,GRBW139317082101,120 μ. από το βορειοδυτικό άκρο της ακτής,28/5/2016,11:31 πμ,28/5/2016,29/5/2016,<1,2.00,ΟΧΙ,ΟΧΙ,ΟΧΙ,ΟΧΙ,ΟΧΙ,ΗΡΕΜΗ,Β,ΌΧΙ,ΌΧΙ,
Κρήτη,Μυλοποτάμου,Παραλία Λιανού Κάβου - Λαύρις,GRBW139317079101,Μέσον ακτής,28/5/2016,11:58 πμ,28/5/2016,29/5/2016,3.00,16.00,ΟΧΙ,ΟΧΙ,ΟΧΙ,ΟΧΙ,ΟΧΙ,ΗΡΕΜΗ,Β,ΌΧΙ,ΌΧΙ,
Κρήτη,Ρεθύμνης,Σκαλέτα,GRBW139318087101,80 μ. από το δυτικό άκρο της ακτής,28/5/2016,12:10 μμ,28/5/2016,29/5/2016,3.00,8.00,ΟΧΙ,ΟΧΙ,ΟΧΙ,ΟΧΙ,ΟΧΙ,ΗΡΕΜΗ,Β,ΌΧΙ,ΌΧΙ,
Κρήτη,Αγίου_Νικολάου,Άγιος Νικόλαος 3,GRBW139310022101,17 μ. από το δυτικό άκρο της ακτής,28/5/2016,8:24 πμ,28/5/2016,29/5/2016,<1,<1,ΟΧΙ,ΟΧΙ,ΟΧΙ,ΟΧΙ,ΟΧΙ,ΗΡΕΜΗ,ΒΔ,ΌΧΙ,ΌΧΙ,
Κρήτη,Αγίου_Νικολάου,Άγιος Νικόλαος 1,GRBW139310009101,20 μ. από το βόρειο άκρο της ακτής,28/5/2016,8:37 πμ,28/5/2016,29/5/2016,<1,<1,ΟΧΙ,ΟΧΙ,ΟΧΙ,ΟΧΙ,ΟΧΙ,ΗΡΕΜΗ,ΒΔ,ΌΧΙ,ΌΧΙ,
Κρήτη,Αγίου_Νικολάου,Άγιος Νικόλαος 2,GRBW139310026101,60 μ. από το βόρειο άκρο της ακτής,28/5/2016,8:49 πμ,28/5/2016,29/5/2016,<1,<1,ΟΧΙ,ΟΧΙ,ΟΧΙ,ΟΧΙ,ΟΧΙ,ΗΡΕΜΗ,ΒΔ,ΌΧΙ,ΌΧΙ,
Κρήτη,Αγίου_Νικολάου,Μιραμπέλλο,GRBW139310007101,30 μ. από το νοτιοανατολικό άκρο της ακτής,28/5/2016,9:00 πμ,28/5/2016,29/5/2016,<1,2.00,ΟΧΙ,ΟΧΙ,ΟΧΙ,ΟΧΙ,ΟΧΙ,ΗΡΕΜΗ,ΒΔ,ΌΧΙ,ΌΧΙ,
Κρήτη,Αγίου_Νικολάου,Δημοτική Ακτή Χαβάνια,GRBW139310035101,Μέσον ακτής,28/5/2016,9:07 πμ,28/5/2016,29/5/2016,<1,<1,ΟΧΙ,ΟΧΙ,ΟΧΙ,ΟΧΙ,ΟΧΙ,ΗΡΕΜΗ,ΒΔ,ΌΧΙ,ΌΧΙ,
Κρήτη,Αγίου_Νικολάου,Δημοτική Ακτή Χαβάνια Βόρεια,GRBW139310013101,16 μ. από το νοτιοδυτικό άκρο της ακτής,28/5/2016,9:16 πμ,28/5/2016,29/5/2016,3.00,8.00,ΟΧΙ,ΟΧΙ,ΟΧΙ,ΟΧΙ,ΟΧΙ,ΗΡΕΜΗ,ΒΔ,ΌΧΙ,ΌΧΙ,
Κρήτη,Αγίου_Νικολάου,Πόρος,GRBW139310036101,Μέσον ακτής,28/5/2016,9:41 πμ,28/5/2016,29/5/2016,<1,<1,ΟΧΙ,ΟΧΙ,ΟΧΙ,ΟΧΙ,ΟΧΙ,ΗΡΕΜΗ,ΒΔ,ΌΧΙ,ΌΧΙ,
Κρήτη,Αγίου_Νικολάου,Ελούντα 1 (Αγίου Νικολάου),GRBW139310027101,Νότιο άκρο της ακτής,28/5/2016,9:54 πμ,28/5/2016,29/5/2016,<1,<1,ΟΧΙ,ΟΧΙ,ΟΧΙ,ΟΧΙ,ΟΧΙ,ΗΡΕΜΗ,ΒΔ,ΌΧΙ,ΌΧΙ,
Κρήτη,Αγίου_Νικολάου,Πηγαδάκια Ελούντα,GRBW139310020101,Μέσον ακτής,28/5/2016,10:18 πμ,28/5/2016,29/5/2016,<1,<1,ΟΧΙ,ΟΧΙ,ΟΧΙ,ΟΧΙ,ΟΧΙ,ΗΡΕΜΗ,ΒΔ,ΌΧΙ,ΌΧΙ,
Κρήτη,Αγίου_Νικολάου,Πόρος Βόρεια,GRBW139310028101,17 μ. από το βόρειο άκρο της ακτής,28/5/2016,10:44 πμ,28/5/2016,29/5/2016,2.00,5.00,ΟΧΙ,ΟΧΙ,ΟΧΙ,ΟΧΙ,ΟΧΙ,ΗΡΕΜΗ,ΒΔ,ΌΧΙ,ΌΧΙ,
Κρήτη,Αγίου_Νικολάου,Χιόνα,GRBW139310023101,45 μ. από το νοτιοανατολικό άκρο της ακτής,28/5/2016,10:57 πμ,28/5/2016,29/5/2016,<1,<1,ΟΧΙ,ΟΧΙ,ΟΧΙ,ΟΧΙ,ΟΧΙ,ΗΡΕΜΗ,ΒΔ,ΌΧΙ,ΌΧΙ,
Κρήτη,Αγίου_Νικολάου,Σχίσμα,GRBW139310025101,100 μ. από το βόρειο άκρο της ακτής,28/5/2016,11:09 πμ,28/5/2016,29/5/2016,<1,<1,ΟΧΙ,ΟΧΙ,ΟΧΙ,ΟΧΙ,ΟΧΙ,ΗΡΕΜΗ,ΒΔ,ΌΧΙ,ΌΧΙ,
Κρήτη,Αγίου_Νικολάου,Ελούντα 2 (Αγίου Νικολάου),GRBW139310019101,25 μ. από το βόρειο άκρο της ακτής,28/5/2016,11:21 πμ,28/5/2016,29/5/2016,<1,<1,ΟΧΙ,ΟΧΙ,ΟΧΙ,ΟΧΙ,ΟΧΙ,ΗΡΕΜΗ,ΒΔ,ΌΧΙ,ΌΧΙ,
Κρήτη,Αγίου_Νικολάου,Δρηρός,GRBW139310011101,Μέσον ακτής,28/5/2016,11:32 πμ,28/5/2016,29/5/2016,<1,<1,ΟΧΙ,ΟΧΙ,ΟΧΙ,ΟΧΙ,ΟΧΙ,ΗΡΕΜΗ,ΒΔ,ΌΧΙ,ΌΧΙ,
Κρήτη,Αγίου_Νικολάου,Πλάκα,GRBW139310024101,Μέσον ακτής,28/5/2016,12:18 μμ,28/5/2016,29/5/2016,<1,<1,ΟΧΙ,ΟΧΙ,ΟΧΙ,ΟΧΙ,ΟΧΙ,ΗΡΕΜΗ,ΒΔ,ΌΧΙ,ΌΧΙ,
Κρήτη,Αγίου_Νικολάου,Μίλατος,GRBW139310032101,57 μ. από το δυτικό άκρο της ακτής,28/5/2016,1:23 μμ,28/5/2016,29/5/2016,<1,3.00,ΟΧΙ,ΟΧΙ,ΟΧΙ,ΟΧΙ,ΟΧΙ,ΗΡΕΜΗ,ΒΔ,ΌΧΙ,ΌΧΙ,
Κρήτη,Αγίου_Νικολάου,Μπούφου,GRBW139310033101,Μέσον ακτής,28/5/2016,1:43 μμ,28/5/2016,29/5/2016,<1,<1,ΟΧΙ,ΟΧΙ,ΟΧΙ,ΟΧΙ,ΟΧΙ,ΗΡΕΜΗ,ΒΔ,ΌΧΙ,ΌΧΙ,
Κρήτη,Αγίου_Νικολάου,Σίσυ - Λιμάνι,GRBW139310016101,Νότιο άκρο ακτής,28/5/2016,1:56 μμ,28/5/2016,29/5/2016,2.00,8.00,ΟΧΙ,ΟΧΙ,ΟΧΙ,ΟΧΙ,ΟΧΙ,ΗΡΕΜΗ,ΒΔ,ΌΧΙ,ΌΧΙ,
Κρήτη,Αγίου_Νικολάου,Αγία Βαρβάρα,GRBW139310010101,Μέσον ακτής,28/5/2016,2:07 μμ,28/5/2016,29/5/2016,<1,2.00,ΟΧΙ,ΟΧΙ,ΟΧΙ,ΟΧΙ,ΟΧΙ,ΗΡΕΜΗ,ΒΔ,ΌΧΙ,ΌΧΙ,
Κρήτη,Πλατανιά,Γεράνι – Πλατανιάς,GRBW139323083101,Μέσον ακτής,30/5/2016,9:22 πμ,30/5/2016,31/5/2016,<1,<1,ΟΧΙ,ΟΧΙ,ΟΧΙ,ΟΧΙ,ΟΧΙ,ΗΡΕΜΗ,Β,ΌΧΙ,ΌΧΙ,
Κρήτη,Πλατανιά,Λιμανάκι Πλατανιά,GRBW139325119101,Δυτικό άκρο ακτής,30/5/2016,9:32 πμ,30/5/2016,31/5/2016,<1,<1,ΟΧΙ,ΟΧΙ,ΟΧΙ,ΟΧΙ,ΟΧΙ,ΗΡΕΜΗ,Β,ΌΧΙ,ΌΧΙ,
Κρήτη,Πλατανιά,Μάλεμε,GRBW139323085101,350 μ. από το δυτικό άκρο της ακτής,30/5/2016,9:52 πμ,30/5/2016,31/5/2016,<1,<1,ΟΧΙ,ΟΧΙ,ΟΧΙ,ΟΧΙ,ΟΧΙ,ΗΡΕΜΗ,Β,ΌΧΙ,ΌΧΙ,
Κρήτη,Πλατανιά,Κολυμπάρια – Ραπανιανά,GRBW139323084101,130 μ. από το δυτικό άκρο της ακτής,30/5/2016,10:31 πμ,30/5/2016,31/5/2016,<1,<1,ΟΧΙ,ΟΧΙ,ΟΧΙ,ΟΧΙ,ΟΧΙ,ΗΡΕΜΗ,Β,ΌΧΙ,ΌΧΙ,
Κρήτη,Κισσάμου,Κουρφαλώνας - Δραπανιάς - Μήθυμνα - Νοπήγεια,GRBW139322073101,1700 μ. από το ανατολικό άκρο της ακτής,30/5/2016,10:50 πμ,30/5/2016,31/5/2016,<1,<1,ΟΧΙ,ΟΧΙ,ΟΧΙ,ΟΧΙ,ΟΧΙ,ΗΡΕΜΗ,Β,ΌΧΙ,ΌΧΙ,
Κρήτη,Κισσάμου,Καστέλλι Κισσάμου Ανατολικά,GRBW139322066101,200 μ. από το δυτικό άκρο της ακτής,30/5/2016,11:02 πμ,30/5/2016,31/5/2016,<1,<1,ΟΧΙ,ΟΧΙ,ΟΧΙ,ΟΧΙ,ΟΧΙ,ΗΡΕΜΗ,Β,ΌΧΙ,ΌΧΙ,
Κρήτη,Κισσάμου,Καστέλλι Κισσάμου Δυτικά,GRBW139322067101,Μέσον ακτής,30/5/2016,11:12 πμ,30/5/2016,31/5/2016,1.00,3.00,ΟΧΙ,ΟΧΙ,ΟΧΙ,ΟΧΙ,ΟΧΙ,ΗΡΕΜΗ,Β,ΌΧΙ,ΌΧΙ,
Κρήτη,Κισσάμου,Γραμβούσα - Παχειά Άμμος,GRBW139322069101,100 μ. από το δυτικό άκρο της ακτής,30/5/2016,11:21 πμ,30/5/2016,31/5/2016,<1,<1,ΟΧΙ,ΟΧΙ,ΟΧΙ,ΟΧΙ,ΟΧΙ,ΗΡΕΜΗ,Β,ΌΧΙ,ΌΧΙ,
Κρήτη,Κισσάμου,Γραμβούσα - Βιγλιά,GRBW139322070101,330 μ. από το ανατολικό άκρο της ακτής,30/5/2016,11:30 πμ,30/5/2016,31/5/2016,5.00,<1,ΟΧΙ,ΟΧΙ,ΟΧΙ,ΟΧΙ,ΟΧΙ,ΗΡΕΜΗ,Β,ΌΧΙ,ΌΧΙ,
Κρήτη,Κισσάμου,Φαλάσαρνα,GRBW139322068101,230 μ. από το βόρειο άκρο της ακτής,30/5/2016,11:54 πμ,30/5/2016,31/5/2016,<1,<1,ΟΧΙ,ΟΧΙ,ΟΧΙ,ΟΧΙ,ΟΧΙ,ΗΡΕΜΗ,Β,ΌΧΙ,ΌΧΙ,
Κρήτη,Κισσάμου,Σφηνάρι,GRBW139322071101,180 μ. από το νοτιοδυτικό άκρο της ακτής,30/5/2016,12:29 μμ,30/5/2016,31/5/2016,<1,<1,ΟΧΙ,ΟΧΙ,ΟΧΙ,ΟΧΙ,ΟΧΙ,ΗΡΕΜΗ,Β,ΌΧΙ,ΌΧΙ,
Κρήτη,Κισσάμου,Ελαφονήσι,GRBW139322072101,Νοτιοανατολικό άκρο ακτής,30/5/2016,1:35 μμ,30/5/2016,31/5/2016,<1,<1,ΟΧΙ,ΟΧΙ,ΟΧΙ,ΟΧΙ,ΟΧΙ,ΗΡΕΜΗ,Β,ΌΧΙ,ΌΧΙ,
Κρήτη,Καντάνου_Σέλινου,Βουλισμένη,GRBW139321064101,Μέσον ακτής,30/5/2016,1:33 μμ,30/5/2016,31/5/2016,<1,2.00,ΟΧΙ,ΟΧΙ,ΟΧΙ,ΟΧΙ,ΟΧΙ,ΗΡΕΜΗ,Β,ΌΧΙ,ΌΧΙ,
Κρήτη,Καντάνου_Σέλινου,Χαλίκια,GRBW139321063101,450 μ. από το νοτιοδυτικό άκρο της ακτής,30/5/2016,2:46 μμ,30/5/2016,31/5/2016,<1,<1,ΟΧΙ,ΟΧΙ,ΟΧΙ,ΟΧΙ,ΟΧΙ,ΗΡΕΜΗ,Β,ΌΧΙ,ΌΧΙ,
Κρήτη,Καντάνου_Σέλινου,Παχειά Άμμος (Καντάνου - Σέλινου),GRBW139321062101,430 μ. από το νότιο άκρο της ακτής,30/5/2016,2:53 μμ,30/5/2016,31/5/2016,<1,<1,ΟΧΙ,ΟΧΙ,ΟΧΙ,ΟΧΙ,ΟΧΙ,ΗΡΕΜΗ,Β,ΌΧΙ,ΌΧΙ,
Κρήτη,Καντάνου_Σέλινου,Γραμμένο,GRBW139321065101,200 μ. από το νοτιοδυτικό άκρο της ακτής,30/5/2016,3:04 μμ,30/5/2016,31/5/2016,5.00,12.00,ΟΧΙ,ΟΧΙ,ΟΧΙ,ΟΧΙ,ΟΧΙ,ΗΡΕΜΗ,Β,ΌΧΙ,ΌΧΙ,
Κρήτη,Καντάνου_Σέλινου,Σούγια,GRBW139321061101,470 μ. από το δυτικό άκρο της ακτής,30/5/2016,4:12 μμ,30/5/2016,31/5/2016,<1,<1,ΟΧΙ,ΟΧΙ,ΟΧΙ,ΟΧΙ,ΟΧΙ,ΗΡΕΜΗ,Β,ΌΧΙ,ΌΧΙ,
Κρήτη,Αρχανών_Αστερουσίων,Αρκαλοχώρι,GRBW139302043101,170 μ. από το δυτικό άκρο της ακτής,30/5/2016,2:19 μμ,30/5/2016,31/5/2016,<1,<1,ΟΧΙ,ΟΧΙ,ΟΧΙ,ΟΧΙ,ΟΧΙ,ΗΡΕΜΗ,Ν,ΌΧΙ,ΌΧΙ,
Κρήτη,Ηρακλείου,Καρτερός,GRBW139305044101,240 μ. από το δυτικό άκρο της ακτής,30/5/2016,11:12 πμ,30/5/2016,31/5/2016,<1,<1,ΟΧΙ,ΟΧΙ,ΟΧΙ,ΟΧΙ,ΟΧΙ,ΗΡΕΜΗ,Ν,ΌΧΙ,ΌΧΙ,
Κρήτη,Μαλεβιζίου,Αμμουδάρα (Μαλεβιζίου),GRBW139306075101,1300 μ. από το δυτικό άκρο της ακτής,30/5/2016,10:18 πμ,30/5/2016,31/5/2016,<1,<1,ΟΧΙ,ΟΧΙ,ΟΧΙ,ΟΧΙ,ΟΧΙ,ΗΡΕΜΗ,Ν,ΌΧΙ,ΌΧΙ,
Κρήτη,Μαλεβιζίου,Μαδέ,GRBW139306073101,Μέσον ακτής,30/5/2016,9:35 πμ,30/5/2016,31/5/2016,<1,10.00,ΟΧΙ,ΟΧΙ,ΟΧΙ,ΟΧΙ,ΟΧΙ,ΗΡΕΜΗ,Ν,ΌΧΙ,ΌΧΙ,
Κρήτη,Μαλεβιζίου,Αγία Πελαγία,GRBW139306072101,Μέσον ακτής,30/5/2016,8:27 πμ,30/5/2016,31/5/2016,<1,<1,ΟΧΙ,ΟΧΙ,ΟΧΙ,ΟΧΙ,ΟΧΙ,ΗΡΕΜΗ,Ν,ΌΧΙ,ΌΧΙ,
Κρήτη,Μαλεβιζίου,Κλαδισσός,GRBW139306074101,45 μ. από το βόρειο άκρο της ακτής,30/5/2016,8:41 πμ,30/5/2016,31/5/2016,<1,<1,ΟΧΙ,ΟΧΙ,ΟΧΙ,ΟΧΙ,ΟΧΙ,ΗΡΕΜΗ,Ν,ΌΧΙ,ΌΧΙ,
Κρήτη,Μαλεβιζίου,Λυγαριά,GRBW139306071101,150 μ. από το ανατολικό άκρο της ακτής,30/5/2016,9:24 πμ,30/5/2016,31/5/2016,<1,<1,ΟΧΙ,ΟΧΙ,ΟΧΙ,ΟΧΙ,ΟΧΙ,ΗΡΕΜΗ,Ν,ΌΧΙ,ΌΧΙ,
Κρήτη,Μαλεβιζίου,Μονοναύτης,GRBW139306077101,60 μ. από το βόρειο άκρο της ακτής,30/5/2016,9:01 πμ,30/5/2016,31/5/2016,3.00,6.00,ΟΧΙ,ΟΧΙ,ΟΧΙ,ΟΧΙ,ΟΧΙ,ΗΡΕΜΗ,Ν,ΌΧΙ,ΌΧΙ,
Κρήτη,Μαλεβιζίου,Λινοπεράματα,GRBW139306069101,195 μ. από το ανατολικό άκρο της ακτής,30/5/2016,10:03 πμ,30/5/2016,31/5/2016,<1,<1,ΟΧΙ,ΟΧΙ,ΟΧΙ,ΟΧΙ,ΟΧΙ,ΗΡΕΜΗ,Ν,ΌΧΙ,ΌΧΙ,
Κρήτη,Μαλεβιζίου,Παλαιόκαστρο,GRBW139306076101,Μέσον ακτής,30/5/2016,9:51 πμ,30/5/2016,31/5/2016,<1,<1,ΟΧΙ,ΟΧΙ,ΟΧΙ,ΟΧΙ,ΟΧΙ,ΗΡΕΜΗ,Ν,ΌΧΙ,ΌΧΙ,
Κρήτη,Μαλεβιζίου,Φόδελε,GRBW139306070101,110 μ. από το δυτικό άκρο της ακτής,30/5/2016,8:03 πμ,30/5/2016,31/5/2016,<1,<1,ΟΧΙ,ΟΧΙ,ΟΧΙ,ΟΧΙ,ΟΧΙ,ΗΡΕΜΗ,Ν,ΌΧΙ,ΌΧΙ,
Κρήτη,Μινώα_Πεδιάδας,Τσούτσουρας 1,GRBW139302042101,170 μ. από το δυτικό άκρο της ακτής,30/5/2016,2:25 μμ,30/5/2016,31/5/2016,<1,<1,ΟΧΙ,ΟΧΙ,ΟΧΙ,ΟΧΙ,ΟΧΙ,ΗΡΕΜΗ,Ν,ΌΧΙ,ΌΧΙ,
Κρήτη,Χερσονήσου,Γούβες 1,GRBW139309140101,Μέσον ακτής,30/5/2016,12:29 μμ,30/5/2016,31/5/2016,2.00,5.00,ΟΧΙ,ΟΧΙ,ΟΧΙ,ΟΧΙ,ΟΧΙ,ΗΡΕΜΗ,Ν,ΌΧΙ,ΌΧΙ,
Κρήτη,Χερσονήσου,Κάτω Γούβες,GRBW139309139101,Μέσον ακτής,30/5/2016,12:57 μμ,30/5/2016,31/5/2016,<1,<1,ΟΧΙ,ΟΧΙ,ΟΧΙ,ΟΧΙ,ΟΧΙ,ΗΡΕΜΗ,Ν,ΌΧΙ,ΌΧΙ,
Κρήτη,Χερσονήσου,Γούβες 2,GRBW139309136101,Μέσον ακτής,30/5/2016,12:48 μμ,30/5/2016,31/5/2016,<1,<1,ΟΧΙ,ΟΧΙ,ΟΧΙ,ΟΧΙ,ΟΧΙ,ΗΡΕΜΗ,Ν,ΌΧΙ,ΌΧΙ,
Κρήτη,Χερσονήσου,Γούβες 3,GRBW139309129101,Μέσον ακτής,30/5/2016,12:37 μμ,30/5/2016,31/5/2016,<1,<1,ΟΧΙ,ΟΧΙ,ΟΧΙ,ΟΧΙ,ΟΧΙ,ΗΡΕΜΗ,Ν,ΌΧΙ,ΌΧΙ,
Κρήτη,Χερσονήσου,Κοκκίνη Χάνι 1,GRBW139309142101,60 μ. από το δυτικό άκρο της ακτής,30/5/2016,11:54 πμ,30/5/2016,31/5/2016,<1,<1,ΟΧΙ,ΟΧΙ,ΟΧΙ,ΟΧΙ,ΟΧΙ,ΗΡΕΜΗ,Ν,ΌΧΙ,ΌΧΙ,
Κρήτη,Χερσονήσου,Κοκκίνη Χάνι 2,GRBW139309128101,25 μ. από το δυτικό άκρο της ακτής,30/5/2016,12:07 μμ,30/5/2016,31/5/2016,<1,<1,ΟΧΙ,ΟΧΙ,ΟΧΙ,ΟΧΙ,ΟΧΙ,ΗΡΕΜΗ,Ν,ΌΧΙ,ΌΧΙ,
Κρήτη,Χερσονήσου,Αμνισσός,GRBW139309121101,560 μ. από το ανατολικό άκρο της ακτής,30/5/2016,11:24 πμ,30/5/2016,31/5/2016,<1,<1,ΟΧΙ,ΟΧΙ,ΟΧΙ,ΟΧΙ,ΟΧΙ,ΗΡΕΜΗ,Ν,ΌΧΙ,ΌΧΙ,
Κρήτη,Χερσονήσου,Εσταυρωμένος,GRBW139309123101,Ανατολικό άκρο της ακτής,30/5/2016,11:41 πμ,30/5/2016,31/5/2016,<1,<1,ΟΧΙ,ΟΧΙ,ΟΧΙ,ΟΧΙ,ΟΧΙ,ΗΡΕΜΗ,Ν,ΌΧΙ,ΌΧΙ,
Κρήτη,Αγίου_Βασιλείου,Κόρακας - Ροδάκινο,GRBW139314002101,140 μ. από το ανατολικό άκρο της ακτής,31/5/2016,9:10 πμ,31/5/2016,1/6/2016,2.00,5.00,ΟΧΙ,ΟΧΙ,ΟΧΙ,ΟΧΙ,ΟΧΙ,ΗΡΕΜΗ,ΝΑ,ΌΧΙ,ΌΧΙ,
Κρήτη,Αγίου_Βασιλείου,Σούδα,GRBW139314004101,Μέσον ακτής,31/5/2016,10:13 πμ,31/5/2016,1/6/2016,<1,<1,ΟΧΙ,ΟΧΙ,ΟΧΙ,ΟΧΙ,ΟΧΙ,ΗΡΕΜΗ,ΝΑ,ΌΧΙ,ΌΧΙ,
Κρήτη,Αγίου_Βασιλείου,Πλακιάς 2,GRBW139314006101,80 μ. από το νοτιοανατολικό άκρο της ακτής,31/5/2016,10:00 πμ,31/5/2016,1/6/2016,12.00,45.00,ΟΧΙ,ΟΧΙ,ΟΧΙ,ΟΧΙ,ΟΧΙ,ΗΡΕΜΗ,ΝΑ,ΌΧΙ,ΌΧΙ,
Κρήτη,Αγίου_Βασιλείου,Πλακιάς 1,GRBW139314001101,420 μ. από το βορειοδυτικό άκρο της ακτής,31/5/2016,10:24 πμ,31/5/2016,1/6/2016,36.00,75.00,ΟΧΙ,ΟΧΙ,ΟΧΙ,ΟΧΙ,ΟΧΙ,ΗΡΕΜΗ,ΝΑ,ΌΧΙ,ΌΧΙ,
Κρήτη,Αγίου_Βασιλείου,Δαμνόνι,GRBW139314003101,Μέσον ακτής,31/5/2016,10:56 πμ,31/5/2016,1/6/2016,18.00,36.00,ΟΧΙ,ΟΧΙ,ΟΧΙ,ΟΧΙ,ΟΧΙ,ΗΡΕΜΗ,ΝΑ,ΌΧΙ,ΌΧΙ,
Κρήτη,Αγίου_Βασιλείου,Ασώματος - Πρέβελη,GRBW139314009101,Εκβολή ποταμού Κουρταλιώτη,31/5/2016,11:10 πμ,31/5/2016,1/6/2016,<1,<1,ΟΧΙ,ΟΧΙ,ΟΧΙ,ΟΧΙ,ΟΧΙ,ΗΡΕΜΗ,ΝΑ,ΌΧΙ,ΌΧΙ,
Κρήτη,Αγίου_Βασιλείου,Ακουμιανή Γιαλιά - Τριόπετρα Μεγάλη,GRBW139314007101,470 μ. από το νοτιοανατολικό άκρο της ακτής,31/5/2016,3:10 μμ,31/5/2016,1/6/2016,52.00,98.00,ΟΧΙ,ΟΧΙ,ΟΧΙ,ΟΧΙ,ΟΧΙ,ΗΡΕΜΗ,ΝΑ,ΌΧΙ,ΌΧΙ,
Κρήτη,Αγίου_Βασιλείου,Ακουμιανή Γιαλιά - Τριόπετρα Μικρή,GRBW139314008101,Μέσον ακτής,31/5/2016,3:45 μμ,31/5/2016,1/6/2016,2.00,6.00,ΟΧΙ,ΟΧΙ,ΟΧΙ,ΟΧΙ,ΟΧΙ,ΗΡΕΜΗ,ΝΑ,ΌΧΙ,ΌΧΙ,
Κρήτη,Αγίου_Βασιλείου,Σακτούρια - Άγιος Παύλος,GRBW139314010101,Μέσον ακτής,31/5/2016,2:40 μμ,31/5/2016,1/6/2016,<1,<1,ΟΧΙ,ΟΧΙ,ΟΧΙ,ΟΧΙ,ΟΧΙ,ΗΡΕΜΗ,ΝΑ,ΌΧΙ,ΌΧΙ,
Κρήτη,Αγίου_Βασιλείου,Αγία Γαλήνη,GRBW139314005101,Μέσον ακτής,31/5/2016,12:12 μμ,31/5/2016,1/6/2016,22.00,52.00,ΟΧΙ,ΟΧΙ,ΟΧΙ,ΟΧΙ,ΟΧΙ,ΗΡΕΜΗ,ΝΑ,ΌΧΙ,ΌΧΙ,
Κρήτη,Φαιστού,Κόκκινος Πύργος,GRBW139308106101,170 μ. από το βορειοδυτικό άκρο της ακτής,31/5/2016,12:32 μμ,31/5/2016,1/6/2016,2.00,8.00,ΟΧΙ,ΟΧΙ,ΟΧΙ,ΟΧΙ,ΟΧΙ,ΗΡΕΜΗ,ΝΑ,ΌΧΙ,ΌΧΙ,
Κρήτη,Φαιστού,Μάταλα,GRBW139308107101,Μέσον ακτής,31/5/2016,1:14 μμ,31/5/2016,1/6/2016,2.00,4.00,ΟΧΙ,ΟΧΙ,ΟΧΙ,ΟΧΙ,ΟΧΙ,ΗΡΕΜΗ,ΝΑ,ΌΧΙ,ΌΧΙ,
Κρήτη,Φαιστού,Ακτή Κόμου,GRBW139308105101,630 μ. από το νότιο άκρο της ακτής,31/5/2016,1:00 μμ,31/5/2016,1/6/2016,<1,<1,ΟΧΙ,ΟΧΙ,ΟΧΙ,ΟΧΙ,ΟΧΙ,ΗΡΕΜΗ,ΝΑ,ΌΧΙ,ΌΧΙ,
Κρήτη,Χερσονήσου,Αγία Πελαγία (Χερσονήσου),GRBW139309127101,50 μ. από το δυτικό άκρο της ακτής,31/5/2016,10:58 πμ,31/5/2016,1/6/2016,<1,<1,ΟΧΙ,ΟΧΙ,ΟΧΙ,ΟΧΙ,ΟΧΙ,ΗΡΕΜΗ,Β,ΌΧΙ,ΌΧΙ,
Κρήτη,Χερσονήσου,Κλωντζάνη,GRBW139309131101,45 μ. από το δυτικό άκρο της ακτής,31/5/2016,10:43 πμ,31/5/2016,1/6/2016,<1,<1,ΟΧΙ,ΟΧΙ,ΟΧΙ,ΟΧΙ,ΟΧΙ,ΗΡΕΜΗ,Β,ΌΧΙ,ΌΧΙ,
Κρήτη,Χερσονήσου,Ποταμός,GRBW139309126101,300 μ. από το δυτικό άκρο της ακτής,31/5/2016,10:29 πμ,31/5/2016,1/6/2016,<1,<1,ΟΧΙ,ΟΧΙ,ΟΧΙ,ΟΧΙ,ΟΧΙ,ΗΡΕΜΗ,Β,ΌΧΙ,ΌΧΙ,
Κρήτη,Χερσονήσου,Ποταμός 1,GRBW139309135101,55 μ. δυτικά του ποταμού,31/5/2016,10:19 πμ,31/5/2016,1/6/2016,4.00,10.00,ΟΧΙ,ΟΧΙ,ΟΧΙ,ΟΧΙ,ΟΧΙ,ΗΡΕΜΗ,Β,ΌΧΙ,ΌΧΙ,
Κρήτη,Χερσονήσου,Σταλίδα,GRBW139309143101,450 μ. από το βορειοδυτικό άκρο της ακτής,31/5/2016,11:24 πμ,31/5/2016,1/6/2016,2.00,6.00,ΟΧΙ,ΟΧΙ,ΟΧΙ,ΟΧΙ,ΟΧΙ,ΗΡΕΜΗ,Β,ΌΧΙ,ΌΧΙ,
Κρήτη,Χερσονήσου,Άγιος Δημήτριος,GRBW139309133101,130 μ. από το δυτικό άκρο της ακτής,31/5/2016,11:11 πμ,31/5/2016,1/6/2016,5.00,8.00,ΟΧΙ,ΟΧΙ,ΟΧΙ,ΟΧΙ,ΟΧΙ,ΗΡΕΜΗ,Β,ΌΧΙ,ΌΧΙ,
Κρήτη,Χερσονήσου,Άγιος Γεώργιος (Χερσονήσου),GRBW139309141101,35 μ. δυτικά της χερσονησίδας,31/5/2016,1:24 μμ,31/5/2016,1/6/2016,8.00,26.00,ΟΧΙ,ΟΧΙ,ΟΧΙ,ΟΧΙ,ΟΧΙ,ΗΡΕΜΗ,Β,ΌΧΙ,ΌΧΙ,
Κρήτη,Χερσονήσου,Ανάληψη (Χερσονήσου),GRBW139309132101,Μέσον ακτής,31/5/2016,2:25 μμ,31/5/2016,1/6/2016,6.00,20.00,ΟΧΙ,ΟΧΙ,ΟΧΙ,ΟΧΙ,ΟΧΙ,ΗΡΕΜΗ,Β,ΌΧΙ,ΌΧΙ,
Κρήτη,Χερσονήσου,Δράπανος,GRBW139309137101,50 μ. από το ανατολικό άκρο της ακτής,31/5/2016,11:39 πμ,31/5/2016,1/6/2016,10.00,52.00,ΟΧΙ,ΟΧΙ,ΟΧΙ,ΟΧΙ,ΟΧΙ,ΗΡΕΜΗ,Β,ΌΧΙ,ΌΧΙ,
Κρήτη,Χερσονήσου,Ακτή Ναυάρχου Νεάρχου,GRBW139309124101,150 μ. από το δυτικό άκρο της ακτής,31/5/2016,1:04 μμ,31/5/2016,1/6/2016,2.00,14.00,ΟΧΙ,ΟΧΙ,ΟΧΙ,ΟΧΙ,ΟΧΙ,ΗΡΕΜΗ,Β,ΌΧΙ,ΌΧΙ,
Κρήτη,Χερσονήσου,Χερσόνησος (Χερσονήσου),GRBW139309138101,170 μ. από το νοτιοανατολικό άκρο της ακτής,31/5/2016,12:46 μμ,31/5/2016,1/6/2016,<1,3.00,ΟΧΙ,ΟΧΙ,ΟΧΙ,ΟΧΙ,ΟΧΙ,ΗΡΕΜΗ,Β,ΌΧΙ,ΌΧΙ,
Κρήτη,Χερσονήσου,Βλυχάδα (Χερσονήσου),GRBW139309134101,Μέσον ακτής,31/5/2016,12:07 μμ,31/5/2016,1/6/2016,26.00,70.00,ΟΧΙ,ΟΧΙ,ΟΧΙ,ΟΧΙ,ΟΧΙ,ΗΡΕΜΗ,Β,ΌΧΙ,ΌΧΙ,
Κρήτη,Χερσονήσου,Λιμήν Χερσονήσου 1,GRBW139309125101,20 μ. από το ανατολικό άκρο της ακτής,31/5/2016,12:35 μμ,31/5/2016,1/6/2016,<1,5.00,ΟΧΙ,ΟΧΙ,ΟΧΙ,ΟΧΙ,ΟΧΙ,ΗΡΕΜΗ,Β,ΌΧΙ,ΌΧΙ,
Κρήτη,Χερσονήσου,Λιμήν Χερσονήσου 2,GRBW139309130101,Μέσον ακτής,31/5/2016,11:54 πμ,31/5/2016,1/6/2016,5.00,30.00,ΟΧΙ,ΟΧΙ,ΟΧΙ,ΟΧΙ,ΟΧΙ,ΗΡΕΜΗ,Β,ΌΧΙ,ΌΧΙ,
Κρήτη,Χερσονήσου,Λιμανάκι Ανάληψης,GRBW139309122101,Μέσον ακτής,31/5/2016,2:30 μμ,31/5/2016,1/6/2016,24.00,46.00,ΟΧΙ,ΟΧΙ,ΟΧΙ,ΟΧΙ,ΟΧΙ,ΗΡΕΜΗ,Β,ΌΧΙ,ΌΧΙ,
Κρήτη,Χερσονήσου,Σαραντάρι,GRBW139309144101,Μέσον ακτής,31/5/2016,1:36 μμ,31/5/2016,1/6/2016,<1,3.00,ΟΧΙ,ΟΧΙ,ΟΧΙ,ΟΧΙ,ΟΧΙ,ΗΡΕΜΗ,Β,ΌΧΙ,ΌΧΙ,